ISO-10303-21;
HEADER;
/* Generated by software containing ST-Developer
 * from STEP Tools, Inc. (www.steptools.com) 
 */
/* OPTION: strings as raw bytes, not using required /X/ escapes */

FILE_DESCRIPTION(
/* description */ ('Unknown'),
/* implementation_level */ '2;1');

FILE_NAME(
/* name */ 'MAX22502EATC+T',
/* time_stamp */ '2024-01-24T08:16:50+02:00',
/* author */ ('Unknown'),
/* organization */ ('Unknown'),
/* preprocessor_version */ 'ST-DEVELOPER v18.102',
/* originating_system */ 'Solid Edge',
/* authorisation */ 'Unknown');

FILE_SCHEMA (('AUTOMOTIVE_DESIGN {1 0 10303 214 3 1 1}'));
ENDSEC;

DATA;
#10=PROPERTY_DEFINITION_REPRESENTATION(#14,#12);
#11=PROPERTY_DEFINITION_REPRESENTATION(#15,#13);
#12=REPRESENTATION('',(#16),#3372);
#13=REPRESENTATION('',(#17),#3372);
#14=PROPERTY_DEFINITION('pmi validation property','',#3377);
#15=PROPERTY_DEFINITION('pmi validation property','',#3377);
#16=VALUE_REPRESENTATION_ITEM('number of annotations',COUNT_MEASURE(0.));
#17=VALUE_REPRESENTATION_ITEM('number of views',COUNT_MEASURE(0.));
#18=SHAPE_REPRESENTATION_RELATIONSHIP('','',#2364,#19);
#19=ADVANCED_BREP_SHAPE_REPRESENTATION('',(#2362),#3372);
#20=CYLINDRICAL_SURFACE('',#2451,0.10930286655485);
#21=CIRCLE('',#2372,0.10930286655485);
#22=CIRCLE('',#2452,0.10930286655485);
#23=ORIENTED_EDGE('',*,*,#513,.T.);
#24=ORIENTED_EDGE('',*,*,#514,.T.);
#25=ORIENTED_EDGE('',*,*,#515,.T.);
#26=ORIENTED_EDGE('',*,*,#516,.T.);
#27=ORIENTED_EDGE('',*,*,#517,.T.);
#28=ORIENTED_EDGE('',*,*,#518,.T.);
#29=ORIENTED_EDGE('',*,*,#519,.T.);
#30=ORIENTED_EDGE('',*,*,#520,.T.);
#31=ORIENTED_EDGE('',*,*,#521,.T.);
#32=ORIENTED_EDGE('',*,*,#522,.T.);
#33=ORIENTED_EDGE('',*,*,#523,.T.);
#34=ORIENTED_EDGE('',*,*,#524,.T.);
#35=ORIENTED_EDGE('',*,*,#525,.T.);
#36=ORIENTED_EDGE('',*,*,#526,.T.);
#37=ORIENTED_EDGE('',*,*,#527,.F.);
#38=ORIENTED_EDGE('',*,*,#528,.F.);
#39=ORIENTED_EDGE('',*,*,#529,.T.);
#40=ORIENTED_EDGE('',*,*,#530,.T.);
#41=ORIENTED_EDGE('',*,*,#531,.T.);
#42=ORIENTED_EDGE('',*,*,#532,.T.);
#43=ORIENTED_EDGE('',*,*,#533,.T.);
#44=ORIENTED_EDGE('',*,*,#534,.T.);
#45=ORIENTED_EDGE('',*,*,#535,.T.);
#46=ORIENTED_EDGE('',*,*,#536,.T.);
#47=ORIENTED_EDGE('',*,*,#537,.T.);
#48=ORIENTED_EDGE('',*,*,#538,.T.);
#49=ORIENTED_EDGE('',*,*,#539,.T.);
#50=ORIENTED_EDGE('',*,*,#540,.T.);
#51=ORIENTED_EDGE('',*,*,#541,.T.);
#52=ORIENTED_EDGE('',*,*,#542,.T.);
#53=ORIENTED_EDGE('',*,*,#543,.F.);
#54=ORIENTED_EDGE('',*,*,#544,.T.);
#55=ORIENTED_EDGE('',*,*,#545,.T.);
#56=ORIENTED_EDGE('',*,*,#546,.T.);
#57=ORIENTED_EDGE('',*,*,#547,.F.);
#58=ORIENTED_EDGE('',*,*,#548,.F.);
#59=ORIENTED_EDGE('',*,*,#525,.F.);
#60=ORIENTED_EDGE('',*,*,#549,.T.);
#61=ORIENTED_EDGE('',*,*,#550,.T.);
#62=ORIENTED_EDGE('',*,*,#551,.T.);
#63=ORIENTED_EDGE('',*,*,#521,.F.);
#64=ORIENTED_EDGE('',*,*,#552,.T.);
#65=ORIENTED_EDGE('',*,*,#553,.T.);
#66=ORIENTED_EDGE('',*,*,#554,.T.);
#67=ORIENTED_EDGE('',*,*,#517,.F.);
#68=ORIENTED_EDGE('',*,*,#555,.T.);
#69=ORIENTED_EDGE('',*,*,#556,.T.);
#70=ORIENTED_EDGE('',*,*,#557,.T.);
#71=ORIENTED_EDGE('',*,*,#513,.F.);
#72=ORIENTED_EDGE('',*,*,#558,.T.);
#73=ORIENTED_EDGE('',*,*,#559,.T.);
#74=ORIENTED_EDGE('',*,*,#560,.T.);
#75=ORIENTED_EDGE('',*,*,#537,.F.);
#76=ORIENTED_EDGE('',*,*,#561,.T.);
#77=ORIENTED_EDGE('',*,*,#562,.T.);
#78=ORIENTED_EDGE('',*,*,#563,.T.);
#79=ORIENTED_EDGE('',*,*,#533,.F.);
#80=ORIENTED_EDGE('',*,*,#564,.T.);
#81=ORIENTED_EDGE('',*,*,#565,.T.);
#82=ORIENTED_EDGE('',*,*,#566,.T.);
#83=ORIENTED_EDGE('',*,*,#529,.F.);
#84=ORIENTED_EDGE('',*,*,#567,.F.);
#85=ORIENTED_EDGE('',*,*,#568,.F.);
#86=ORIENTED_EDGE('',*,*,#569,.T.);
#87=ORIENTED_EDGE('',*,*,#570,.T.);
#88=ORIENTED_EDGE('',*,*,#571,.T.);
#89=ORIENTED_EDGE('',*,*,#572,.F.);
#90=ORIENTED_EDGE('',*,*,#573,.T.);
#91=ORIENTED_EDGE('',*,*,#574,.T.);
#92=ORIENTED_EDGE('',*,*,#575,.T.);
#93=ORIENTED_EDGE('',*,*,#576,.F.);
#94=ORIENTED_EDGE('',*,*,#577,.T.);
#95=ORIENTED_EDGE('',*,*,#578,.T.);
#96=ORIENTED_EDGE('',*,*,#579,.T.);
#97=ORIENTED_EDGE('',*,*,#580,.F.);
#98=ORIENTED_EDGE('',*,*,#581,.T.);
#99=ORIENTED_EDGE('',*,*,#582,.T.);
#100=ORIENTED_EDGE('',*,*,#583,.T.);
#101=ORIENTED_EDGE('',*,*,#584,.F.);
#102=ORIENTED_EDGE('',*,*,#585,.T.);
#103=ORIENTED_EDGE('',*,*,#586,.F.);
#104=ORIENTED_EDGE('',*,*,#587,.F.);
#105=ORIENTED_EDGE('',*,*,#588,.F.);
#106=ORIENTED_EDGE('',*,*,#589,.F.);
#107=ORIENTED_EDGE('',*,*,#590,.T.);
#108=ORIENTED_EDGE('',*,*,#591,.F.);
#109=ORIENTED_EDGE('',*,*,#592,.F.);
#110=ORIENTED_EDGE('',*,*,#593,.F.);
#111=ORIENTED_EDGE('',*,*,#568,.T.);
#112=ORIENTED_EDGE('',*,*,#594,.T.);
#113=ORIENTED_EDGE('',*,*,#595,.F.);
#114=ORIENTED_EDGE('',*,*,#596,.F.);
#115=ORIENTED_EDGE('',*,*,#547,.T.);
#116=ORIENTED_EDGE('',*,*,#597,.F.);
#117=ORIENTED_EDGE('',*,*,#598,.F.);
#118=ORIENTED_EDGE('',*,*,#599,.F.);
#119=ORIENTED_EDGE('',*,*,#543,.T.);
#120=ORIENTED_EDGE('',*,*,#600,.F.);
#121=ORIENTED_EDGE('',*,*,#601,.F.);
#122=ORIENTED_EDGE('',*,*,#602,.F.);
#123=ORIENTED_EDGE('',*,*,#584,.T.);
#124=ORIENTED_EDGE('',*,*,#603,.F.);
#125=ORIENTED_EDGE('',*,*,#604,.F.);
#126=ORIENTED_EDGE('',*,*,#605,.F.);
#127=ORIENTED_EDGE('',*,*,#580,.T.);
#128=ORIENTED_EDGE('',*,*,#606,.F.);
#129=ORIENTED_EDGE('',*,*,#607,.F.);
#130=ORIENTED_EDGE('',*,*,#608,.F.);
#131=ORIENTED_EDGE('',*,*,#576,.T.);
#132=ORIENTED_EDGE('',*,*,#609,.F.);
#133=ORIENTED_EDGE('',*,*,#610,.F.);
#134=ORIENTED_EDGE('',*,*,#611,.F.);
#135=ORIENTED_EDGE('',*,*,#572,.T.);
#136=ORIENTED_EDGE('',*,*,#612,.F.);
#137=ORIENTED_EDGE('',*,*,#594,.F.);
#138=ORIENTED_EDGE('',*,*,#567,.T.);
#139=ORIENTED_EDGE('',*,*,#528,.T.);
#140=ORIENTED_EDGE('',*,*,#613,.F.);
#141=ORIENTED_EDGE('',*,*,#526,.F.);
#142=ORIENTED_EDGE('',*,*,#548,.T.);
#143=ORIENTED_EDGE('',*,*,#596,.T.);
#144=ORIENTED_EDGE('',*,*,#614,.T.);
#145=ORIENTED_EDGE('',*,*,#595,.T.);
#146=ORIENTED_EDGE('',*,*,#612,.T.);
#147=ORIENTED_EDGE('',*,*,#527,.T.);
#148=ORIENTED_EDGE('',*,*,#613,.T.);
#149=ORIENTED_EDGE('',*,*,#615,.T.);
#150=ORIENTED_EDGE('',*,*,#616,.T.);
#151=ORIENTED_EDGE('',*,*,#617,.T.);
#152=ORIENTED_EDGE('',*,*,#618,.T.);
#153=ORIENTED_EDGE('',*,*,#619,.T.);
#154=ORIENTED_EDGE('',*,*,#586,.T.);
#155=ORIENTED_EDGE('',*,*,#620,.T.);
#156=ORIENTED_EDGE('',*,*,#615,.F.);
#157=ORIENTED_EDGE('',*,*,#621,.T.);
#158=ORIENTED_EDGE('',*,*,#617,.F.);
#159=ORIENTED_EDGE('',*,*,#622,.T.);
#160=ORIENTED_EDGE('',*,*,#589,.T.);
#161=ORIENTED_EDGE('',*,*,#623,.F.);
#162=ORIENTED_EDGE('',*,*,#588,.T.);
#163=ORIENTED_EDGE('',*,*,#624,.F.);
#164=ORIENTED_EDGE('',*,*,#618,.F.);
#165=ORIENTED_EDGE('',*,*,#623,.T.);
#166=ORIENTED_EDGE('',*,*,#587,.T.);
#167=ORIENTED_EDGE('',*,*,#621,.F.);
#168=ORIENTED_EDGE('',*,*,#619,.F.);
#169=ORIENTED_EDGE('',*,*,#624,.T.);
#170=ORIENTED_EDGE('',*,*,#625,.F.);
#171=ORIENTED_EDGE('',*,*,#626,.F.);
#172=ORIENTED_EDGE('',*,*,#627,.F.);
#173=ORIENTED_EDGE('',*,*,#628,.F.);
#174=ORIENTED_EDGE('',*,*,#544,.F.);
#175=ORIENTED_EDGE('',*,*,#599,.T.);
#176=ORIENTED_EDGE('',*,*,#629,.F.);
#177=ORIENTED_EDGE('',*,*,#630,.F.);
#178=ORIENTED_EDGE('',*,*,#627,.T.);
#179=ORIENTED_EDGE('',*,*,#631,.T.);
#180=ORIENTED_EDGE('',*,*,#545,.F.);
#181=ORIENTED_EDGE('',*,*,#631,.F.);
#182=ORIENTED_EDGE('',*,*,#626,.T.);
#183=ORIENTED_EDGE('',*,*,#632,.T.);
#184=ORIENTED_EDGE('',*,*,#546,.F.);
#185=ORIENTED_EDGE('',*,*,#632,.F.);
#186=ORIENTED_EDGE('',*,*,#625,.T.);
#187=ORIENTED_EDGE('',*,*,#633,.F.);
#188=ORIENTED_EDGE('',*,*,#634,.T.);
#189=ORIENTED_EDGE('',*,*,#597,.T.);
#190=ORIENTED_EDGE('',*,*,#635,.F.);
#191=ORIENTED_EDGE('',*,*,#636,.F.);
#192=ORIENTED_EDGE('',*,*,#637,.F.);
#193=ORIENTED_EDGE('',*,*,#638,.F.);
#194=ORIENTED_EDGE('',*,*,#583,.F.);
#195=ORIENTED_EDGE('',*,*,#639,.F.);
#196=ORIENTED_EDGE('',*,*,#635,.T.);
#197=ORIENTED_EDGE('',*,*,#640,.F.);
#198=ORIENTED_EDGE('',*,*,#641,.T.);
#199=ORIENTED_EDGE('',*,*,#603,.T.);
#200=ORIENTED_EDGE('',*,*,#581,.F.);
#201=ORIENTED_EDGE('',*,*,#605,.T.);
#202=ORIENTED_EDGE('',*,*,#642,.F.);
#203=ORIENTED_EDGE('',*,*,#643,.F.);
#204=ORIENTED_EDGE('',*,*,#637,.T.);
#205=ORIENTED_EDGE('',*,*,#644,.T.);
#206=ORIENTED_EDGE('',*,*,#582,.F.);
#207=ORIENTED_EDGE('',*,*,#644,.F.);
#208=ORIENTED_EDGE('',*,*,#636,.T.);
#209=ORIENTED_EDGE('',*,*,#639,.T.);
#210=ORIENTED_EDGE('',*,*,#645,.F.);
#211=ORIENTED_EDGE('',*,*,#646,.F.);
#212=ORIENTED_EDGE('',*,*,#647,.F.);
#213=ORIENTED_EDGE('',*,*,#648,.F.);
#214=ORIENTED_EDGE('',*,*,#573,.F.);
#215=ORIENTED_EDGE('',*,*,#611,.T.);
#216=ORIENTED_EDGE('',*,*,#649,.F.);
#217=ORIENTED_EDGE('',*,*,#650,.F.);
#218=ORIENTED_EDGE('',*,*,#645,.T.);
#219=ORIENTED_EDGE('',*,*,#651,.T.);
#220=ORIENTED_EDGE('',*,*,#574,.F.);
#221=ORIENTED_EDGE('',*,*,#651,.F.);
#222=ORIENTED_EDGE('',*,*,#648,.T.);
#223=ORIENTED_EDGE('',*,*,#652,.T.);
#224=ORIENTED_EDGE('',*,*,#575,.F.);
#225=ORIENTED_EDGE('',*,*,#652,.F.);
#226=ORIENTED_EDGE('',*,*,#647,.T.);
#227=ORIENTED_EDGE('',*,*,#653,.F.);
#228=ORIENTED_EDGE('',*,*,#654,.T.);
#229=ORIENTED_EDGE('',*,*,#609,.T.);
#230=ORIENTED_EDGE('',*,*,#655,.F.);
#231=ORIENTED_EDGE('',*,*,#656,.F.);
#232=ORIENTED_EDGE('',*,*,#657,.F.);
#233=ORIENTED_EDGE('',*,*,#658,.F.);
#234=ORIENTED_EDGE('',*,*,#569,.F.);
#235=ORIENTED_EDGE('',*,*,#593,.T.);
#236=ORIENTED_EDGE('',*,*,#659,.F.);
#237=ORIENTED_EDGE('',*,*,#660,.F.);
#238=ORIENTED_EDGE('',*,*,#655,.T.);
#239=ORIENTED_EDGE('',*,*,#661,.T.);
#240=ORIENTED_EDGE('',*,*,#570,.F.);
#241=ORIENTED_EDGE('',*,*,#661,.F.);
#242=ORIENTED_EDGE('',*,*,#658,.T.);
#243=ORIENTED_EDGE('',*,*,#662,.T.);
#244=ORIENTED_EDGE('',*,*,#571,.F.);
#245=ORIENTED_EDGE('',*,*,#662,.F.);
#246=ORIENTED_EDGE('',*,*,#657,.T.);
#247=ORIENTED_EDGE('',*,*,#663,.F.);
#248=ORIENTED_EDGE('',*,*,#664,.T.);
#249=ORIENTED_EDGE('',*,*,#591,.T.);
#250=ORIENTED_EDGE('',*,*,#665,.F.);
#251=ORIENTED_EDGE('',*,*,#666,.F.);
#252=ORIENTED_EDGE('',*,*,#667,.F.);
#253=ORIENTED_EDGE('',*,*,#668,.T.);
#254=ORIENTED_EDGE('',*,*,#563,.F.);
#255=ORIENTED_EDGE('',*,*,#669,.F.);
#256=ORIENTED_EDGE('',*,*,#665,.T.);
#257=ORIENTED_EDGE('',*,*,#670,.T.);
#258=ORIENTED_EDGE('',*,*,#671,.T.);
#259=ORIENTED_EDGE('',*,*,#534,.F.);
#260=ORIENTED_EDGE('',*,*,#561,.F.);
#261=ORIENTED_EDGE('',*,*,#536,.F.);
#262=ORIENTED_EDGE('',*,*,#672,.F.);
#263=ORIENTED_EDGE('',*,*,#673,.T.);
#264=ORIENTED_EDGE('',*,*,#667,.T.);
#265=ORIENTED_EDGE('',*,*,#674,.T.);
#266=ORIENTED_EDGE('',*,*,#562,.F.);
#267=ORIENTED_EDGE('',*,*,#674,.F.);
#268=ORIENTED_EDGE('',*,*,#666,.T.);
#269=ORIENTED_EDGE('',*,*,#669,.T.);
#270=ORIENTED_EDGE('',*,*,#675,.F.);
#271=ORIENTED_EDGE('',*,*,#676,.T.);
#272=ORIENTED_EDGE('',*,*,#677,.F.);
#273=ORIENTED_EDGE('',*,*,#678,.F.);
#274=ORIENTED_EDGE('',*,*,#555,.F.);
#275=ORIENTED_EDGE('',*,*,#516,.F.);
#276=ORIENTED_EDGE('',*,*,#679,.F.);
#277=ORIENTED_EDGE('',*,*,#680,.T.);
#278=ORIENTED_EDGE('',*,*,#675,.T.);
#279=ORIENTED_EDGE('',*,*,#681,.T.);
#280=ORIENTED_EDGE('',*,*,#556,.F.);
#281=ORIENTED_EDGE('',*,*,#681,.F.);
#282=ORIENTED_EDGE('',*,*,#678,.T.);
#283=ORIENTED_EDGE('',*,*,#682,.T.);
#284=ORIENTED_EDGE('',*,*,#557,.F.);
#285=ORIENTED_EDGE('',*,*,#682,.F.);
#286=ORIENTED_EDGE('',*,*,#677,.T.);
#287=ORIENTED_EDGE('',*,*,#683,.T.);
#288=ORIENTED_EDGE('',*,*,#684,.T.);
#289=ORIENTED_EDGE('',*,*,#514,.F.);
#290=ORIENTED_EDGE('',*,*,#685,.F.);
#291=ORIENTED_EDGE('',*,*,#686,.T.);
#292=ORIENTED_EDGE('',*,*,#687,.F.);
#293=ORIENTED_EDGE('',*,*,#688,.F.);
#294=ORIENTED_EDGE('',*,*,#549,.F.);
#295=ORIENTED_EDGE('',*,*,#524,.F.);
#296=ORIENTED_EDGE('',*,*,#689,.F.);
#297=ORIENTED_EDGE('',*,*,#690,.T.);
#298=ORIENTED_EDGE('',*,*,#685,.T.);
#299=ORIENTED_EDGE('',*,*,#691,.T.);
#300=ORIENTED_EDGE('',*,*,#550,.F.);
#301=ORIENTED_EDGE('',*,*,#691,.F.);
#302=ORIENTED_EDGE('',*,*,#688,.T.);
#303=ORIENTED_EDGE('',*,*,#692,.T.);
#304=ORIENTED_EDGE('',*,*,#551,.F.);
#305=ORIENTED_EDGE('',*,*,#692,.F.);
#306=ORIENTED_EDGE('',*,*,#687,.T.);
#307=ORIENTED_EDGE('',*,*,#693,.T.);
#308=ORIENTED_EDGE('',*,*,#694,.T.);
#309=ORIENTED_EDGE('',*,*,#522,.F.);
#310=ORIENTED_EDGE('',*,*,#695,.F.);
#311=ORIENTED_EDGE('',*,*,#696,.T.);
#312=ORIENTED_EDGE('',*,*,#697,.F.);
#313=ORIENTED_EDGE('',*,*,#698,.F.);
#314=ORIENTED_EDGE('',*,*,#552,.F.);
#315=ORIENTED_EDGE('',*,*,#520,.F.);
#316=ORIENTED_EDGE('',*,*,#699,.F.);
#317=ORIENTED_EDGE('',*,*,#700,.T.);
#318=ORIENTED_EDGE('',*,*,#695,.T.);
#319=ORIENTED_EDGE('',*,*,#701,.T.);
#320=ORIENTED_EDGE('',*,*,#553,.F.);
#321=ORIENTED_EDGE('',*,*,#701,.F.);
#322=ORIENTED_EDGE('',*,*,#698,.T.);
#323=ORIENTED_EDGE('',*,*,#702,.T.);
#324=ORIENTED_EDGE('',*,*,#554,.F.);
#325=ORIENTED_EDGE('',*,*,#702,.F.);
#326=ORIENTED_EDGE('',*,*,#697,.T.);
#327=ORIENTED_EDGE('',*,*,#703,.T.);
#328=ORIENTED_EDGE('',*,*,#704,.T.);
#329=ORIENTED_EDGE('',*,*,#518,.F.);
#330=ORIENTED_EDGE('',*,*,#705,.F.);
#331=ORIENTED_EDGE('',*,*,#706,.F.);
#332=ORIENTED_EDGE('',*,*,#707,.F.);
#333=ORIENTED_EDGE('',*,*,#708,.T.);
#334=ORIENTED_EDGE('',*,*,#560,.F.);
#335=ORIENTED_EDGE('',*,*,#709,.F.);
#336=ORIENTED_EDGE('',*,*,#705,.T.);
#337=ORIENTED_EDGE('',*,*,#710,.T.);
#338=ORIENTED_EDGE('',*,*,#711,.T.);
#339=ORIENTED_EDGE('',*,*,#538,.F.);
#340=ORIENTED_EDGE('',*,*,#558,.F.);
#341=ORIENTED_EDGE('',*,*,#540,.F.);
#342=ORIENTED_EDGE('',*,*,#712,.F.);
#343=ORIENTED_EDGE('',*,*,#713,.T.);
#344=ORIENTED_EDGE('',*,*,#707,.T.);
#345=ORIENTED_EDGE('',*,*,#714,.T.);
#346=ORIENTED_EDGE('',*,*,#559,.F.);
#347=ORIENTED_EDGE('',*,*,#714,.F.);
#348=ORIENTED_EDGE('',*,*,#706,.T.);
#349=ORIENTED_EDGE('',*,*,#709,.T.);
#350=ORIENTED_EDGE('',*,*,#715,.F.);
#351=ORIENTED_EDGE('',*,*,#716,.F.);
#352=ORIENTED_EDGE('',*,*,#717,.F.);
#353=ORIENTED_EDGE('',*,*,#718,.T.);
#354=ORIENTED_EDGE('',*,*,#566,.F.);
#355=ORIENTED_EDGE('',*,*,#719,.F.);
#356=ORIENTED_EDGE('',*,*,#715,.T.);
#357=ORIENTED_EDGE('',*,*,#720,.T.);
#358=ORIENTED_EDGE('',*,*,#721,.T.);
#359=ORIENTED_EDGE('',*,*,#530,.F.);
#360=ORIENTED_EDGE('',*,*,#564,.F.);
#361=ORIENTED_EDGE('',*,*,#532,.F.);
#362=ORIENTED_EDGE('',*,*,#722,.F.);
#363=ORIENTED_EDGE('',*,*,#723,.T.);
#364=ORIENTED_EDGE('',*,*,#717,.T.);
#365=ORIENTED_EDGE('',*,*,#724,.T.);
#366=ORIENTED_EDGE('',*,*,#565,.F.);
#367=ORIENTED_EDGE('',*,*,#724,.F.);
#368=ORIENTED_EDGE('',*,*,#716,.T.);
#369=ORIENTED_EDGE('',*,*,#719,.T.);
#370=ORIENTED_EDGE('',*,*,#725,.F.);
#371=ORIENTED_EDGE('',*,*,#726,.F.);
#372=ORIENTED_EDGE('',*,*,#727,.F.);
#373=ORIENTED_EDGE('',*,*,#728,.F.);
#374=ORIENTED_EDGE('',*,*,#577,.F.);
#375=ORIENTED_EDGE('',*,*,#608,.T.);
#376=ORIENTED_EDGE('',*,*,#729,.F.);
#377=ORIENTED_EDGE('',*,*,#730,.F.);
#378=ORIENTED_EDGE('',*,*,#725,.T.);
#379=ORIENTED_EDGE('',*,*,#731,.T.);
#380=ORIENTED_EDGE('',*,*,#578,.F.);
#381=ORIENTED_EDGE('',*,*,#731,.F.);
#382=ORIENTED_EDGE('',*,*,#728,.T.);
#383=ORIENTED_EDGE('',*,*,#732,.T.);
#384=ORIENTED_EDGE('',*,*,#579,.F.);
#385=ORIENTED_EDGE('',*,*,#732,.F.);
#386=ORIENTED_EDGE('',*,*,#727,.T.);
#387=ORIENTED_EDGE('',*,*,#733,.F.);
#388=ORIENTED_EDGE('',*,*,#734,.T.);
#389=ORIENTED_EDGE('',*,*,#606,.T.);
#390=ORIENTED_EDGE('',*,*,#735,.F.);
#391=ORIENTED_EDGE('',*,*,#736,.F.);
#392=ORIENTED_EDGE('',*,*,#737,.F.);
#393=ORIENTED_EDGE('',*,*,#738,.F.);
#394=ORIENTED_EDGE('',*,*,#542,.F.);
#395=ORIENTED_EDGE('',*,*,#739,.F.);
#396=ORIENTED_EDGE('',*,*,#735,.T.);
#397=ORIENTED_EDGE('',*,*,#740,.F.);
#398=ORIENTED_EDGE('',*,*,#741,.T.);
#399=ORIENTED_EDGE('',*,*,#600,.T.);
#400=ORIENTED_EDGE('',*,*,#585,.F.);
#401=ORIENTED_EDGE('',*,*,#602,.T.);
#402=ORIENTED_EDGE('',*,*,#742,.F.);
#403=ORIENTED_EDGE('',*,*,#743,.F.);
#404=ORIENTED_EDGE('',*,*,#737,.T.);
#405=ORIENTED_EDGE('',*,*,#744,.T.);
#406=ORIENTED_EDGE('',*,*,#541,.F.);
#407=ORIENTED_EDGE('',*,*,#744,.F.);
#408=ORIENTED_EDGE('',*,*,#736,.T.);
#409=ORIENTED_EDGE('',*,*,#739,.T.);
#410=ORIENTED_EDGE('',*,*,#616,.F.);
#411=ORIENTED_EDGE('',*,*,#620,.F.);
#412=ORIENTED_EDGE('',*,*,#590,.F.);
#413=ORIENTED_EDGE('',*,*,#622,.F.);
#414=ORIENTED_EDGE('',*,*,#723,.F.);
#415=ORIENTED_EDGE('',*,*,#745,.F.);
#416=ORIENTED_EDGE('',*,*,#720,.F.);
#417=ORIENTED_EDGE('',*,*,#718,.F.);
#418=ORIENTED_EDGE('',*,*,#531,.F.);
#419=ORIENTED_EDGE('',*,*,#721,.F.);
#420=ORIENTED_EDGE('',*,*,#745,.T.);
#421=ORIENTED_EDGE('',*,*,#722,.T.);
#422=ORIENTED_EDGE('',*,*,#746,.F.);
#423=ORIENTED_EDGE('',*,*,#670,.F.);
#424=ORIENTED_EDGE('',*,*,#668,.F.);
#425=ORIENTED_EDGE('',*,*,#673,.F.);
#426=ORIENTED_EDGE('',*,*,#535,.F.);
#427=ORIENTED_EDGE('',*,*,#671,.F.);
#428=ORIENTED_EDGE('',*,*,#746,.T.);
#429=ORIENTED_EDGE('',*,*,#672,.T.);
#430=ORIENTED_EDGE('',*,*,#747,.F.);
#431=ORIENTED_EDGE('',*,*,#710,.F.);
#432=ORIENTED_EDGE('',*,*,#708,.F.);
#433=ORIENTED_EDGE('',*,*,#713,.F.);
#434=ORIENTED_EDGE('',*,*,#539,.F.);
#435=ORIENTED_EDGE('',*,*,#711,.F.);
#436=ORIENTED_EDGE('',*,*,#747,.T.);
#437=ORIENTED_EDGE('',*,*,#712,.T.);
#438=ORIENTED_EDGE('',*,*,#748,.F.);
#439=ORIENTED_EDGE('',*,*,#693,.F.);
#440=ORIENTED_EDGE('',*,*,#686,.F.);
#441=ORIENTED_EDGE('',*,*,#690,.F.);
#442=ORIENTED_EDGE('',*,*,#523,.F.);
#443=ORIENTED_EDGE('',*,*,#694,.F.);
#444=ORIENTED_EDGE('',*,*,#748,.T.);
#445=ORIENTED_EDGE('',*,*,#689,.T.);
#446=ORIENTED_EDGE('',*,*,#749,.F.);
#447=ORIENTED_EDGE('',*,*,#703,.F.);
#448=ORIENTED_EDGE('',*,*,#696,.F.);
#449=ORIENTED_EDGE('',*,*,#700,.F.);
#450=ORIENTED_EDGE('',*,*,#519,.F.);
#451=ORIENTED_EDGE('',*,*,#704,.F.);
#452=ORIENTED_EDGE('',*,*,#749,.T.);
#453=ORIENTED_EDGE('',*,*,#699,.T.);
#454=ORIENTED_EDGE('',*,*,#750,.F.);
#455=ORIENTED_EDGE('',*,*,#683,.F.);
#456=ORIENTED_EDGE('',*,*,#676,.F.);
#457=ORIENTED_EDGE('',*,*,#680,.F.);
#458=ORIENTED_EDGE('',*,*,#515,.F.);
#459=ORIENTED_EDGE('',*,*,#684,.F.);
#460=ORIENTED_EDGE('',*,*,#750,.T.);
#461=ORIENTED_EDGE('',*,*,#679,.T.);
#462=ORIENTED_EDGE('',*,*,#628,.T.);
#463=ORIENTED_EDGE('',*,*,#630,.T.);
#464=ORIENTED_EDGE('',*,*,#751,.T.);
#465=ORIENTED_EDGE('',*,*,#633,.T.);
#466=ORIENTED_EDGE('',*,*,#598,.T.);
#467=ORIENTED_EDGE('',*,*,#634,.F.);
#468=ORIENTED_EDGE('',*,*,#751,.F.);
#469=ORIENTED_EDGE('',*,*,#629,.T.);
#470=ORIENTED_EDGE('',*,*,#740,.T.);
#471=ORIENTED_EDGE('',*,*,#738,.T.);
#472=ORIENTED_EDGE('',*,*,#743,.T.);
#473=ORIENTED_EDGE('',*,*,#752,.T.);
#474=ORIENTED_EDGE('',*,*,#601,.T.);
#475=ORIENTED_EDGE('',*,*,#741,.F.);
#476=ORIENTED_EDGE('',*,*,#752,.F.);
#477=ORIENTED_EDGE('',*,*,#742,.T.);
#478=ORIENTED_EDGE('',*,*,#640,.T.);
#479=ORIENTED_EDGE('',*,*,#638,.T.);
#480=ORIENTED_EDGE('',*,*,#643,.T.);
#481=ORIENTED_EDGE('',*,*,#753,.T.);
#482=ORIENTED_EDGE('',*,*,#604,.T.);
#483=ORIENTED_EDGE('',*,*,#641,.F.);
#484=ORIENTED_EDGE('',*,*,#753,.F.);
#485=ORIENTED_EDGE('',*,*,#642,.T.);
#486=ORIENTED_EDGE('',*,*,#733,.T.);
#487=ORIENTED_EDGE('',*,*,#726,.T.);
#488=ORIENTED_EDGE('',*,*,#730,.T.);
#489=ORIENTED_EDGE('',*,*,#754,.T.);
#490=ORIENTED_EDGE('',*,*,#607,.T.);
#491=ORIENTED_EDGE('',*,*,#734,.F.);
#492=ORIENTED_EDGE('',*,*,#754,.F.);
#493=ORIENTED_EDGE('',*,*,#729,.T.);
#494=ORIENTED_EDGE('',*,*,#653,.T.);
#495=ORIENTED_EDGE('',*,*,#646,.T.);
#496=ORIENTED_EDGE('',*,*,#650,.T.);
#497=ORIENTED_EDGE('',*,*,#755,.T.);
#498=ORIENTED_EDGE('',*,*,#610,.T.);
#499=ORIENTED_EDGE('',*,*,#654,.F.);
#500=ORIENTED_EDGE('',*,*,#755,.F.);
#501=ORIENTED_EDGE('',*,*,#649,.T.);
#502=ORIENTED_EDGE('',*,*,#656,.T.);
#503=ORIENTED_EDGE('',*,*,#660,.T.);
#504=ORIENTED_EDGE('',*,*,#756,.T.);
#505=ORIENTED_EDGE('',*,*,#663,.T.);
#506=ORIENTED_EDGE('',*,*,#592,.T.);
#507=ORIENTED_EDGE('',*,*,#664,.F.);
#508=ORIENTED_EDGE('',*,*,#756,.F.);
#509=ORIENTED_EDGE('',*,*,#659,.T.);
#510=ORIENTED_EDGE('',*,*,#757,.T.);
#511=ORIENTED_EDGE('',*,*,#614,.F.);
#512=ORIENTED_EDGE('',*,*,#757,.F.);
#513=EDGE_CURVE('',#758,#759,#922,.T.);
#514=EDGE_CURVE('',#759,#760,#923,.T.);
#515=EDGE_CURVE('',#760,#761,#924,.T.);
#516=EDGE_CURVE('',#761,#762,#925,.T.);
#517=EDGE_CURVE('',#762,#763,#926,.T.);
#518=EDGE_CURVE('',#763,#764,#927,.T.);
#519=EDGE_CURVE('',#764,#765,#928,.T.);
#520=EDGE_CURVE('',#765,#766,#929,.T.);
#521=EDGE_CURVE('',#766,#767,#930,.T.);
#522=EDGE_CURVE('',#767,#768,#931,.T.);
#523=EDGE_CURVE('',#768,#769,#932,.T.);
#524=EDGE_CURVE('',#769,#770,#933,.T.);
#525=EDGE_CURVE('',#770,#771,#934,.T.);
#526=EDGE_CURVE('',#771,#772,#935,.T.);
#527=EDGE_CURVE('',#773,#772,#936,.T.);
#528=EDGE_CURVE('',#774,#773,#937,.T.);
#529=EDGE_CURVE('',#774,#775,#938,.T.);
#530=EDGE_CURVE('',#775,#776,#939,.T.);
#531=EDGE_CURVE('',#776,#777,#940,.T.);
#532=EDGE_CURVE('',#777,#778,#941,.T.);
#533=EDGE_CURVE('',#778,#779,#942,.T.);
#534=EDGE_CURVE('',#779,#780,#943,.T.);
#535=EDGE_CURVE('',#780,#781,#944,.T.);
#536=EDGE_CURVE('',#781,#782,#945,.T.);
#537=EDGE_CURVE('',#782,#783,#946,.T.);
#538=EDGE_CURVE('',#783,#784,#947,.T.);
#539=EDGE_CURVE('',#784,#785,#948,.T.);
#540=EDGE_CURVE('',#785,#758,#949,.T.);
#541=EDGE_CURVE('',#786,#787,#950,.T.);
#542=EDGE_CURVE('',#787,#788,#951,.T.);
#543=EDGE_CURVE('',#789,#788,#952,.T.);
#544=EDGE_CURVE('',#789,#790,#953,.T.);
#545=EDGE_CURVE('',#790,#791,#954,.T.);
#546=EDGE_CURVE('',#791,#792,#955,.T.);
#547=EDGE_CURVE('',#793,#792,#956,.T.);
#548=EDGE_CURVE('',#771,#793,#957,.T.);
#549=EDGE_CURVE('',#770,#794,#958,.T.);
#550=EDGE_CURVE('',#794,#795,#959,.T.);
#551=EDGE_CURVE('',#795,#767,#960,.T.);
#552=EDGE_CURVE('',#766,#796,#961,.T.);
#553=EDGE_CURVE('',#796,#797,#962,.T.);
#554=EDGE_CURVE('',#797,#763,#963,.T.);
#555=EDGE_CURVE('',#762,#798,#964,.T.);
#556=EDGE_CURVE('',#798,#799,#965,.T.);
#557=EDGE_CURVE('',#799,#759,#966,.T.);
#558=EDGE_CURVE('',#758,#800,#967,.T.);
#559=EDGE_CURVE('',#800,#801,#968,.T.);
#560=EDGE_CURVE('',#801,#783,#969,.T.);
#561=EDGE_CURVE('',#782,#802,#970,.T.);
#562=EDGE_CURVE('',#802,#803,#971,.T.);
#563=EDGE_CURVE('',#803,#779,#972,.T.);
#564=EDGE_CURVE('',#778,#804,#973,.T.);
#565=EDGE_CURVE('',#804,#805,#974,.T.);
#566=EDGE_CURVE('',#805,#775,#975,.T.);
#567=EDGE_CURVE('',#806,#774,#976,.T.);
#568=EDGE_CURVE('',#807,#806,#977,.T.);
#569=EDGE_CURVE('',#807,#808,#978,.T.);
#570=EDGE_CURVE('',#808,#809,#979,.T.);
#571=EDGE_CURVE('',#809,#810,#980,.T.);
#572=EDGE_CURVE('',#811,#810,#981,.T.);
#573=EDGE_CURVE('',#811,#812,#982,.T.);
#574=EDGE_CURVE('',#812,#813,#983,.T.);
#575=EDGE_CURVE('',#813,#814,#984,.T.);
#576=EDGE_CURVE('',#815,#814,#985,.T.);
#577=EDGE_CURVE('',#815,#816,#986,.T.);
#578=EDGE_CURVE('',#816,#817,#987,.T.);
#579=EDGE_CURVE('',#817,#818,#988,.T.);
#580=EDGE_CURVE('',#819,#818,#989,.T.);
#581=EDGE_CURVE('',#819,#820,#990,.T.);
#582=EDGE_CURVE('',#820,#821,#991,.T.);
#583=EDGE_CURVE('',#821,#822,#992,.T.);
#584=EDGE_CURVE('',#823,#822,#993,.T.);
#585=EDGE_CURVE('',#823,#786,#994,.T.);
#586=EDGE_CURVE('',#824,#825,#995,.T.);
#587=EDGE_CURVE('',#826,#824,#996,.T.);
#588=EDGE_CURVE('',#827,#826,#997,.T.);
#589=EDGE_CURVE('',#828,#827,#998,.T.);
#590=EDGE_CURVE('',#828,#825,#999,.F.);
#591=EDGE_CURVE('',#829,#810,#1000,.T.);
#592=EDGE_CURVE('',#830,#829,#1001,.T.);
#593=EDGE_CURVE('',#807,#830,#1002,.T.);
#594=EDGE_CURVE('',#806,#831,#1003,.T.);
#595=EDGE_CURVE('',#832,#831,#1004,.T.);
#596=EDGE_CURVE('',#793,#832,#1005,.T.);
#597=EDGE_CURVE('',#833,#792,#1006,.T.);
#598=EDGE_CURVE('',#834,#833,#1007,.T.);
#599=EDGE_CURVE('',#789,#834,#1008,.T.);
#600=EDGE_CURVE('',#835,#788,#1009,.T.);
#601=EDGE_CURVE('',#836,#835,#1010,.T.);
#602=EDGE_CURVE('',#823,#836,#1011,.T.);
#603=EDGE_CURVE('',#837,#822,#1012,.T.);
#604=EDGE_CURVE('',#838,#837,#1013,.T.);
#605=EDGE_CURVE('',#819,#838,#1014,.T.);
#606=EDGE_CURVE('',#839,#818,#1015,.T.);
#607=EDGE_CURVE('',#840,#839,#1016,.T.);
#608=EDGE_CURVE('',#815,#840,#1017,.T.);
#609=EDGE_CURVE('',#841,#814,#1018,.T.);
#610=EDGE_CURVE('',#842,#841,#1019,.T.);
#611=EDGE_CURVE('',#811,#842,#1020,.T.);
#612=EDGE_CURVE('',#831,#773,#1021,.T.);
#613=EDGE_CURVE('',#772,#832,#1022,.T.);
#614=EDGE_CURVE('',#843,#843,#21,.T.);
#615=EDGE_CURVE('',#844,#845,#1023,.T.);
#616=EDGE_CURVE('',#845,#846,#1024,.F.);
#617=EDGE_CURVE('',#846,#847,#1025,.T.);
#618=EDGE_CURVE('',#847,#848,#1026,.T.);
#619=EDGE_CURVE('',#848,#844,#1027,.T.);
#620=EDGE_CURVE('',#825,#845,#1028,.T.);
#621=EDGE_CURVE('',#844,#824,#1029,.T.);
#622=EDGE_CURVE('',#846,#828,#1030,.T.);
#623=EDGE_CURVE('',#847,#827,#1031,.T.);
#624=EDGE_CURVE('',#848,#826,#1032,.T.);
#625=EDGE_CURVE('',#849,#850,#1033,.T.);
#626=EDGE_CURVE('',#851,#849,#1034,.T.);
#627=EDGE_CURVE('',#852,#851,#1035,.T.);
#628=EDGE_CURVE('',#850,#852,#1036,.T.);
#629=EDGE_CURVE('',#853,#834,#1037,.T.);
#630=EDGE_CURVE('',#852,#853,#1038,.T.);
#631=EDGE_CURVE('',#851,#790,#1039,.T.);
#632=EDGE_CURVE('',#849,#791,#1040,.T.);
#633=EDGE_CURVE('',#854,#850,#1041,.T.);
#634=EDGE_CURVE('',#854,#833,#1042,.T.);
#635=EDGE_CURVE('',#855,#856,#1043,.T.);
#636=EDGE_CURVE('',#857,#855,#1044,.T.);
#637=EDGE_CURVE('',#858,#857,#1045,.T.);
#638=EDGE_CURVE('',#856,#858,#1046,.T.);
#639=EDGE_CURVE('',#855,#821,#1047,.T.);
#640=EDGE_CURVE('',#859,#856,#1048,.T.);
#641=EDGE_CURVE('',#859,#837,#1049,.T.);
#642=EDGE_CURVE('',#860,#838,#1050,.T.);
#643=EDGE_CURVE('',#858,#860,#1051,.T.);
#644=EDGE_CURVE('',#857,#820,#1052,.T.);
#645=EDGE_CURVE('',#861,#862,#1053,.T.);
#646=EDGE_CURVE('',#863,#861,#1054,.T.);
#647=EDGE_CURVE('',#864,#863,#1055,.T.);
#648=EDGE_CURVE('',#862,#864,#1056,.T.);
#649=EDGE_CURVE('',#865,#842,#1057,.T.);
#650=EDGE_CURVE('',#861,#865,#1058,.T.);
#651=EDGE_CURVE('',#862,#812,#1059,.T.);
#652=EDGE_CURVE('',#864,#813,#1060,.T.);
#653=EDGE_CURVE('',#866,#863,#1061,.T.);
#654=EDGE_CURVE('',#866,#841,#1062,.T.);
#655=EDGE_CURVE('',#867,#868,#1063,.T.);
#656=EDGE_CURVE('',#869,#867,#1064,.T.);
#657=EDGE_CURVE('',#870,#869,#1065,.T.);
#658=EDGE_CURVE('',#868,#870,#1066,.T.);
#659=EDGE_CURVE('',#871,#830,#1067,.T.);
#660=EDGE_CURVE('',#867,#871,#1068,.T.);
#661=EDGE_CURVE('',#868,#808,#1069,.T.);
#662=EDGE_CURVE('',#870,#809,#1070,.T.);
#663=EDGE_CURVE('',#872,#869,#1071,.T.);
#664=EDGE_CURVE('',#872,#829,#1072,.T.);
#665=EDGE_CURVE('',#873,#874,#1073,.T.);
#666=EDGE_CURVE('',#875,#873,#1074,.T.);
#667=EDGE_CURVE('',#876,#875,#1075,.T.);
#668=EDGE_CURVE('',#876,#874,#1076,.T.);
#669=EDGE_CURVE('',#873,#803,#1077,.T.);
#670=EDGE_CURVE('',#874,#877,#1078,.T.);
#671=EDGE_CURVE('',#877,#780,#1079,.T.);
#672=EDGE_CURVE('',#878,#781,#1080,.T.);
#673=EDGE_CURVE('',#878,#876,#1081,.T.);
#674=EDGE_CURVE('',#875,#802,#1082,.T.);
#675=EDGE_CURVE('',#879,#880,#1083,.T.);
#676=EDGE_CURVE('',#879,#881,#1084,.T.);
#677=EDGE_CURVE('',#882,#881,#1085,.T.);
#678=EDGE_CURVE('',#880,#882,#1086,.T.);
#679=EDGE_CURVE('',#883,#761,#1087,.T.);
#680=EDGE_CURVE('',#883,#879,#1088,.T.);
#681=EDGE_CURVE('',#880,#798,#1089,.T.);
#682=EDGE_CURVE('',#882,#799,#1090,.T.);
#683=EDGE_CURVE('',#881,#884,#1091,.T.);
#684=EDGE_CURVE('',#884,#760,#1092,.T.);
#685=EDGE_CURVE('',#885,#886,#1093,.T.);
#686=EDGE_CURVE('',#885,#887,#1094,.T.);
#687=EDGE_CURVE('',#888,#887,#1095,.T.);
#688=EDGE_CURVE('',#886,#888,#1096,.T.);
#689=EDGE_CURVE('',#889,#769,#1097,.T.);
#690=EDGE_CURVE('',#889,#885,#1098,.T.);
#691=EDGE_CURVE('',#886,#794,#1099,.T.);
#692=EDGE_CURVE('',#888,#795,#1100,.T.);
#693=EDGE_CURVE('',#887,#890,#1101,.T.);
#694=EDGE_CURVE('',#890,#768,#1102,.T.);
#695=EDGE_CURVE('',#891,#892,#1103,.T.);
#696=EDGE_CURVE('',#891,#893,#1104,.T.);
#697=EDGE_CURVE('',#894,#893,#1105,.T.);
#698=EDGE_CURVE('',#892,#894,#1106,.T.);
#699=EDGE_CURVE('',#895,#765,#1107,.T.);
#700=EDGE_CURVE('',#895,#891,#1108,.T.);
#701=EDGE_CURVE('',#892,#796,#1109,.T.);
#702=EDGE_CURVE('',#894,#797,#1110,.T.);
#703=EDGE_CURVE('',#893,#896,#1111,.T.);
#704=EDGE_CURVE('',#896,#764,#1112,.T.);
#705=EDGE_CURVE('',#897,#898,#1113,.T.);
#706=EDGE_CURVE('',#899,#897,#1114,.T.);
#707=EDGE_CURVE('',#900,#899,#1115,.T.);
#708=EDGE_CURVE('',#900,#898,#1116,.T.);
#709=EDGE_CURVE('',#897,#801,#1117,.T.);
#710=EDGE_CURVE('',#898,#901,#1118,.T.);
#711=EDGE_CURVE('',#901,#784,#1119,.T.);
#712=EDGE_CURVE('',#902,#785,#1120,.T.);
#713=EDGE_CURVE('',#902,#900,#1121,.T.);
#714=EDGE_CURVE('',#899,#800,#1122,.T.);
#715=EDGE_CURVE('',#903,#904,#1123,.T.);
#716=EDGE_CURVE('',#905,#903,#1124,.T.);
#717=EDGE_CURVE('',#906,#905,#1125,.T.);
#718=EDGE_CURVE('',#906,#904,#1126,.T.);
#719=EDGE_CURVE('',#903,#805,#1127,.T.);
#720=EDGE_CURVE('',#904,#907,#1128,.T.);
#721=EDGE_CURVE('',#907,#776,#1129,.T.);
#722=EDGE_CURVE('',#908,#777,#1130,.T.);
#723=EDGE_CURVE('',#908,#906,#1131,.T.);
#724=EDGE_CURVE('',#905,#804,#1132,.T.);
#725=EDGE_CURVE('',#909,#910,#1133,.T.);
#726=EDGE_CURVE('',#911,#909,#1134,.T.);
#727=EDGE_CURVE('',#912,#911,#1135,.T.);
#728=EDGE_CURVE('',#910,#912,#1136,.T.);
#729=EDGE_CURVE('',#913,#840,#1137,.T.);
#730=EDGE_CURVE('',#909,#913,#1138,.T.);
#731=EDGE_CURVE('',#910,#816,#1139,.T.);
#732=EDGE_CURVE('',#912,#817,#1140,.T.);
#733=EDGE_CURVE('',#914,#911,#1141,.T.);
#734=EDGE_CURVE('',#914,#839,#1142,.T.);
#735=EDGE_CURVE('',#915,#916,#1143,.T.);
#736=EDGE_CURVE('',#917,#915,#1144,.T.);
#737=EDGE_CURVE('',#918,#917,#1145,.T.);
#738=EDGE_CURVE('',#916,#918,#1146,.T.);
#739=EDGE_CURVE('',#915,#787,#1147,.T.);
#740=EDGE_CURVE('',#919,#916,#1148,.T.);
#741=EDGE_CURVE('',#919,#835,#1149,.T.);
#742=EDGE_CURVE('',#920,#836,#1150,.T.);
#743=EDGE_CURVE('',#918,#920,#1151,.T.);
#744=EDGE_CURVE('',#917,#786,#1152,.T.);
#745=EDGE_CURVE('',#907,#908,#1153,.T.);
#746=EDGE_CURVE('',#877,#878,#1154,.T.);
#747=EDGE_CURVE('',#901,#902,#1155,.T.);
#748=EDGE_CURVE('',#890,#889,#1156,.T.);
#749=EDGE_CURVE('',#896,#895,#1157,.T.);
#750=EDGE_CURVE('',#884,#883,#1158,.T.);
#751=EDGE_CURVE('',#853,#854,#1159,.T.);
#752=EDGE_CURVE('',#920,#919,#1160,.T.);
#753=EDGE_CURVE('',#860,#859,#1161,.T.);
#754=EDGE_CURVE('',#913,#914,#1162,.T.);
#755=EDGE_CURVE('',#865,#866,#1163,.T.);
#756=EDGE_CURVE('',#871,#872,#1164,.T.);
#757=EDGE_CURVE('',#921,#921,#22,.T.);
#758=VERTEX_POINT('',#2878);
#759=VERTEX_POINT('',#2879);
#760=VERTEX_POINT('',#2881);
#761=VERTEX_POINT('',#2883);
#762=VERTEX_POINT('',#2885);
#763=VERTEX_POINT('',#2887);
#764=VERTEX_POINT('',#2889);
#765=VERTEX_POINT('',#2891);
#766=VERTEX_POINT('',#2893);
#767=VERTEX_POINT('',#2895);
#768=VERTEX_POINT('',#2897);
#769=VERTEX_POINT('',#2899);
#770=VERTEX_POINT('',#2901);
#771=VERTEX_POINT('',#2903);
#772=VERTEX_POINT('',#2905);
#773=VERTEX_POINT('',#2907);
#774=VERTEX_POINT('',#2909);
#775=VERTEX_POINT('',#2911);
#776=VERTEX_POINT('',#2913);
#777=VERTEX_POINT('',#2915);
#778=VERTEX_POINT('',#2917);
#779=VERTEX_POINT('',#2919);
#780=VERTEX_POINT('',#2921);
#781=VERTEX_POINT('',#2923);
#782=VERTEX_POINT('',#2925);
#783=VERTEX_POINT('',#2927);
#784=VERTEX_POINT('',#2929);
#785=VERTEX_POINT('',#2931);
#786=VERTEX_POINT('',#2935);
#787=VERTEX_POINT('',#2936);
#788=VERTEX_POINT('',#2938);
#789=VERTEX_POINT('',#2940);
#790=VERTEX_POINT('',#2942);
#791=VERTEX_POINT('',#2944);
#792=VERTEX_POINT('',#2946);
#793=VERTEX_POINT('',#2948);
#794=VERTEX_POINT('',#2951);
#795=VERTEX_POINT('',#2953);
#796=VERTEX_POINT('',#2956);
#797=VERTEX_POINT('',#2958);
#798=VERTEX_POINT('',#2961);
#799=VERTEX_POINT('',#2963);
#800=VERTEX_POINT('',#2966);
#801=VERTEX_POINT('',#2968);
#802=VERTEX_POINT('',#2971);
#803=VERTEX_POINT('',#2973);
#804=VERTEX_POINT('',#2976);
#805=VERTEX_POINT('',#2978);
#806=VERTEX_POINT('',#2981);
#807=VERTEX_POINT('',#2983);
#808=VERTEX_POINT('',#2985);
#809=VERTEX_POINT('',#2987);
#810=VERTEX_POINT('',#2989);
#811=VERTEX_POINT('',#2991);
#812=VERTEX_POINT('',#2993);
#813=VERTEX_POINT('',#2995);
#814=VERTEX_POINT('',#2997);
#815=VERTEX_POINT('',#2999);
#816=VERTEX_POINT('',#3001);
#817=VERTEX_POINT('',#3003);
#818=VERTEX_POINT('',#3005);
#819=VERTEX_POINT('',#3007);
#820=VERTEX_POINT('',#3009);
#821=VERTEX_POINT('',#3011);
#822=VERTEX_POINT('',#3013);
#823=VERTEX_POINT('',#3015);
#824=VERTEX_POINT('',#3018);
#825=VERTEX_POINT('',#3019);
#826=VERTEX_POINT('',#3021);
#827=VERTEX_POINT('',#3023);
#828=VERTEX_POINT('',#3025);
#829=VERTEX_POINT('',#3029);
#830=VERTEX_POINT('',#3031);
#831=VERTEX_POINT('',#3034);
#832=VERTEX_POINT('',#3036);
#833=VERTEX_POINT('',#3039);
#834=VERTEX_POINT('',#3041);
#835=VERTEX_POINT('',#3044);
#836=VERTEX_POINT('',#3046);
#837=VERTEX_POINT('',#3049);
#838=VERTEX_POINT('',#3051);
#839=VERTEX_POINT('',#3054);
#840=VERTEX_POINT('',#3056);
#841=VERTEX_POINT('',#3059);
#842=VERTEX_POINT('',#3061);
#843=VERTEX_POINT('',#3069);
#844=VERTEX_POINT('',#3072);
#845=VERTEX_POINT('',#3073);
#846=VERTEX_POINT('',#3075);
#847=VERTEX_POINT('',#3077);
#848=VERTEX_POINT('',#3079);
#849=VERTEX_POINT('',#3092);
#850=VERTEX_POINT('',#3093);
#851=VERTEX_POINT('',#3095);
#852=VERTEX_POINT('',#3097);
#853=VERTEX_POINT('',#3101);
#854=VERTEX_POINT('',#3108);
#855=VERTEX_POINT('',#3112);
#856=VERTEX_POINT('',#3113);
#857=VERTEX_POINT('',#3115);
#858=VERTEX_POINT('',#3117);
#859=VERTEX_POINT('',#3122);
#860=VERTEX_POINT('',#3126);
#861=VERTEX_POINT('',#3132);
#862=VERTEX_POINT('',#3133);
#863=VERTEX_POINT('',#3135);
#864=VERTEX_POINT('',#3137);
#865=VERTEX_POINT('',#3141);
#866=VERTEX_POINT('',#3148);
#867=VERTEX_POINT('',#3152);
#868=VERTEX_POINT('',#3153);
#869=VERTEX_POINT('',#3155);
#870=VERTEX_POINT('',#3157);
#871=VERTEX_POINT('',#3161);
#872=VERTEX_POINT('',#3168);
#873=VERTEX_POINT('',#3172);
#874=VERTEX_POINT('',#3173);
#875=VERTEX_POINT('',#3175);
#876=VERTEX_POINT('',#3177);
#877=VERTEX_POINT('',#3182);
#878=VERTEX_POINT('',#3186);
#879=VERTEX_POINT('',#3192);
#880=VERTEX_POINT('',#3193);
#881=VERTEX_POINT('',#3195);
#882=VERTEX_POINT('',#3197);
#883=VERTEX_POINT('',#3201);
#884=VERTEX_POINT('',#3208);
#885=VERTEX_POINT('',#3212);
#886=VERTEX_POINT('',#3213);
#887=VERTEX_POINT('',#3215);
#888=VERTEX_POINT('',#3217);
#889=VERTEX_POINT('',#3221);
#890=VERTEX_POINT('',#3228);
#891=VERTEX_POINT('',#3232);
#892=VERTEX_POINT('',#3233);
#893=VERTEX_POINT('',#3235);
#894=VERTEX_POINT('',#3237);
#895=VERTEX_POINT('',#3241);
#896=VERTEX_POINT('',#3248);
#897=VERTEX_POINT('',#3252);
#898=VERTEX_POINT('',#3253);
#899=VERTEX_POINT('',#3255);
#900=VERTEX_POINT('',#3257);
#901=VERTEX_POINT('',#3262);
#902=VERTEX_POINT('',#3266);
#903=VERTEX_POINT('',#3272);
#904=VERTEX_POINT('',#3273);
#905=VERTEX_POINT('',#3275);
#906=VERTEX_POINT('',#3277);
#907=VERTEX_POINT('',#3282);
#908=VERTEX_POINT('',#3286);
#909=VERTEX_POINT('',#3292);
#910=VERTEX_POINT('',#3293);
#911=VERTEX_POINT('',#3295);
#912=VERTEX_POINT('',#3297);
#913=VERTEX_POINT('',#3301);
#914=VERTEX_POINT('',#3308);
#915=VERTEX_POINT('',#3312);
#916=VERTEX_POINT('',#3313);
#917=VERTEX_POINT('',#3315);
#918=VERTEX_POINT('',#3317);
#919=VERTEX_POINT('',#3322);
#920=VERTEX_POINT('',#3326);
#921=VERTEX_POINT('',#3369);
#922=LINE('',#2877,#1165);
#923=LINE('',#2880,#1166);
#924=LINE('',#2882,#1167);
#925=LINE('',#2884,#1168);
#926=LINE('',#2886,#1169);
#927=LINE('',#2888,#1170);
#928=LINE('',#2890,#1171);
#929=LINE('',#2892,#1172);
#930=LINE('',#2894,#1173);
#931=LINE('',#2896,#1174);
#932=LINE('',#2898,#1175);
#933=LINE('',#2900,#1176);
#934=LINE('',#2902,#1177);
#935=LINE('',#2904,#1178);
#936=LINE('',#2906,#1179);
#937=LINE('',#2908,#1180);
#938=LINE('',#2910,#1181);
#939=LINE('',#2912,#1182);
#940=LINE('',#2914,#1183);
#941=LINE('',#2916,#1184);
#942=LINE('',#2918,#1185);
#943=LINE('',#2920,#1186);
#944=LINE('',#2922,#1187);
#945=LINE('',#2924,#1188);
#946=LINE('',#2926,#1189);
#947=LINE('',#2928,#1190);
#948=LINE('',#2930,#1191);
#949=LINE('',#2932,#1192);
#950=LINE('',#2934,#1193);
#951=LINE('',#2937,#1194);
#952=LINE('',#2939,#1195);
#953=LINE('',#2941,#1196);
#954=LINE('',#2943,#1197);
#955=LINE('',#2945,#1198);
#956=LINE('',#2947,#1199);
#957=LINE('',#2949,#1200);
#958=LINE('',#2950,#1201);
#959=LINE('',#2952,#1202);
#960=LINE('',#2954,#1203);
#961=LINE('',#2955,#1204);
#962=LINE('',#2957,#1205);
#963=LINE('',#2959,#1206);
#964=LINE('',#2960,#1207);
#965=LINE('',#2962,#1208);
#966=LINE('',#2964,#1209);
#967=LINE('',#2965,#1210);
#968=LINE('',#2967,#1211);
#969=LINE('',#2969,#1212);
#970=LINE('',#2970,#1213);
#971=LINE('',#2972,#1214);
#972=LINE('',#2974,#1215);
#973=LINE('',#2975,#1216);
#974=LINE('',#2977,#1217);
#975=LINE('',#2979,#1218);
#976=LINE('',#2980,#1219);
#977=LINE('',#2982,#1220);
#978=LINE('',#2984,#1221);
#979=LINE('',#2986,#1222);
#980=LINE('',#2988,#1223);
#981=LINE('',#2990,#1224);
#982=LINE('',#2992,#1225);
#983=LINE('',#2994,#1226);
#984=LINE('',#2996,#1227);
#985=LINE('',#2998,#1228);
#986=LINE('',#3000,#1229);
#987=LINE('',#3002,#1230);
#988=LINE('',#3004,#1231);
#989=LINE('',#3006,#1232);
#990=LINE('',#3008,#1233);
#991=LINE('',#3010,#1234);
#992=LINE('',#3012,#1235);
#993=LINE('',#3014,#1236);
#994=LINE('',#3016,#1237);
#995=LINE('',#3017,#1238);
#996=LINE('',#3020,#1239);
#997=LINE('',#3022,#1240);
#998=LINE('',#3024,#1241);
#999=LINE('',#3026,#1242);
#1000=LINE('',#3028,#1243);
#1001=LINE('',#3030,#1244);
#1002=LINE('',#3032,#1245);
#1003=LINE('',#3033,#1246);
#1004=LINE('',#3035,#1247);
#1005=LINE('',#3037,#1248);
#1006=LINE('',#3038,#1249);
#1007=LINE('',#3040,#1250);
#1008=LINE('',#3042,#1251);
#1009=LINE('',#3043,#1252);
#1010=LINE('',#3045,#1253);
#1011=LINE('',#3047,#1254);
#1012=LINE('',#3048,#1255);
#1013=LINE('',#3050,#1256);
#1014=LINE('',#3052,#1257);
#1015=LINE('',#3053,#1258);
#1016=LINE('',#3055,#1259);
#1017=LINE('',#3057,#1260);
#1018=LINE('',#3058,#1261);
#1019=LINE('',#3060,#1262);
#1020=LINE('',#3062,#1263);
#1021=LINE('',#3064,#1264);
#1022=LINE('',#3066,#1265);
#1023=LINE('',#3071,#1266);
#1024=LINE('',#3074,#1267);
#1025=LINE('',#3076,#1268);
#1026=LINE('',#3078,#1269);
#1027=LINE('',#3080,#1270);
#1028=LINE('',#3082,#1271);
#1029=LINE('',#3083,#1272);
#1030=LINE('',#3085,#1273);
#1031=LINE('',#3086,#1274);
#1032=LINE('',#3088,#1275);
#1033=LINE('',#3091,#1276);
#1034=LINE('',#3094,#1277);
#1035=LINE('',#3096,#1278);
#1036=LINE('',#3098,#1279);
#1037=LINE('',#3100,#1280);
#1038=LINE('',#3102,#1281);
#1039=LINE('',#3103,#1282);
#1040=LINE('',#3105,#1283);
#1041=LINE('',#3107,#1284);
#1042=LINE('',#3109,#1285);
#1043=LINE('',#3111,#1286);
#1044=LINE('',#3114,#1287);
#1045=LINE('',#3116,#1288);
#1046=LINE('',#3118,#1289);
#1047=LINE('',#3120,#1290);
#1048=LINE('',#3121,#1291);
#1049=LINE('',#3123,#1292);
#1050=LINE('',#3125,#1293);
#1051=LINE('',#3127,#1294);
#1052=LINE('',#3128,#1295);
#1053=LINE('',#3131,#1296);
#1054=LINE('',#3134,#1297);
#1055=LINE('',#3136,#1298);
#1056=LINE('',#3138,#1299);
#1057=LINE('',#3140,#1300);
#1058=LINE('',#3142,#1301);
#1059=LINE('',#3143,#1302);
#1060=LINE('',#3145,#1303);
#1061=LINE('',#3147,#1304);
#1062=LINE('',#3149,#1305);
#1063=LINE('',#3151,#1306);
#1064=LINE('',#3154,#1307);
#1065=LINE('',#3156,#1308);
#1066=LINE('',#3158,#1309);
#1067=LINE('',#3160,#1310);
#1068=LINE('',#3162,#1311);
#1069=LINE('',#3163,#1312);
#1070=LINE('',#3165,#1313);
#1071=LINE('',#3167,#1314);
#1072=LINE('',#3169,#1315);
#1073=LINE('',#3171,#1316);
#1074=LINE('',#3174,#1317);
#1075=LINE('',#3176,#1318);
#1076=LINE('',#3178,#1319);
#1077=LINE('',#3180,#1320);
#1078=LINE('',#3181,#1321);
#1079=LINE('',#3183,#1322);
#1080=LINE('',#3185,#1323);
#1081=LINE('',#3187,#1324);
#1082=LINE('',#3188,#1325);
#1083=LINE('',#3191,#1326);
#1084=LINE('',#3194,#1327);
#1085=LINE('',#3196,#1328);
#1086=LINE('',#3198,#1329);
#1087=LINE('',#3200,#1330);
#1088=LINE('',#3202,#1331);
#1089=LINE('',#3203,#1332);
#1090=LINE('',#3205,#1333);
#1091=LINE('',#3207,#1334);
#1092=LINE('',#3209,#1335);
#1093=LINE('',#3211,#1336);
#1094=LINE('',#3214,#1337);
#1095=LINE('',#3216,#1338);
#1096=LINE('',#3218,#1339);
#1097=LINE('',#3220,#1340);
#1098=LINE('',#3222,#1341);
#1099=LINE('',#3223,#1342);
#1100=LINE('',#3225,#1343);
#1101=LINE('',#3227,#1344);
#1102=LINE('',#3229,#1345);
#1103=LINE('',#3231,#1346);
#1104=LINE('',#3234,#1347);
#1105=LINE('',#3236,#1348);
#1106=LINE('',#3238,#1349);
#1107=LINE('',#3240,#1350);
#1108=LINE('',#3242,#1351);
#1109=LINE('',#3243,#1352);
#1110=LINE('',#3245,#1353);
#1111=LINE('',#3247,#1354);
#1112=LINE('',#3249,#1355);
#1113=LINE('',#3251,#1356);
#1114=LINE('',#3254,#1357);
#1115=LINE('',#3256,#1358);
#1116=LINE('',#3258,#1359);
#1117=LINE('',#3260,#1360);
#1118=LINE('',#3261,#1361);
#1119=LINE('',#3263,#1362);
#1120=LINE('',#3265,#1363);
#1121=LINE('',#3267,#1364);
#1122=LINE('',#3268,#1365);
#1123=LINE('',#3271,#1366);
#1124=LINE('',#3274,#1367);
#1125=LINE('',#3276,#1368);
#1126=LINE('',#3278,#1369);
#1127=LINE('',#3280,#1370);
#1128=LINE('',#3281,#1371);
#1129=LINE('',#3283,#1372);
#1130=LINE('',#3285,#1373);
#1131=LINE('',#3287,#1374);
#1132=LINE('',#3288,#1375);
#1133=LINE('',#3291,#1376);
#1134=LINE('',#3294,#1377);
#1135=LINE('',#3296,#1378);
#1136=LINE('',#3298,#1379);
#1137=LINE('',#3300,#1380);
#1138=LINE('',#3302,#1381);
#1139=LINE('',#3303,#1382);
#1140=LINE('',#3305,#1383);
#1141=LINE('',#3307,#1384);
#1142=LINE('',#3309,#1385);
#1143=LINE('',#3311,#1386);
#1144=LINE('',#3314,#1387);
#1145=LINE('',#3316,#1388);
#1146=LINE('',#3318,#1389);
#1147=LINE('',#3320,#1390);
#1148=LINE('',#3321,#1391);
#1149=LINE('',#3323,#1392);
#1150=LINE('',#3325,#1393);
#1151=LINE('',#3327,#1394);
#1152=LINE('',#3328,#1395);
#1153=LINE('',#3332,#1396);
#1154=LINE('',#3335,#1397);
#1155=LINE('',#3338,#1398);
#1156=LINE('',#3341,#1399);
#1157=LINE('',#3344,#1400);
#1158=LINE('',#3347,#1401);
#1159=LINE('',#3350,#1402);
#1160=LINE('',#3353,#1403);
#1161=LINE('',#3356,#1404);
#1162=LINE('',#3359,#1405);
#1163=LINE('',#3362,#1406);
#1164=LINE('',#3365,#1407);
#1165=VECTOR('',#2458,1000.);
#1166=VECTOR('',#2459,1000.);
#1167=VECTOR('',#2460,1000.);
#1168=VECTOR('',#2461,1000.);
#1169=VECTOR('',#2462,1000.);
#1170=VECTOR('',#2463,1000.);
#1171=VECTOR('',#2464,1000.);
#1172=VECTOR('',#2465,1000.);
#1173=VECTOR('',#2466,1000.);
#1174=VECTOR('',#2467,1000.);
#1175=VECTOR('',#2468,1000.);
#1176=VECTOR('',#2469,1000.);
#1177=VECTOR('',#2470,1000.);
#1178=VECTOR('',#2471,1000.);
#1179=VECTOR('',#2472,1000.);
#1180=VECTOR('',#2473,1000.);
#1181=VECTOR('',#2474,1000.);
#1182=VECTOR('',#2475,1000.);
#1183=VECTOR('',#2476,1000.);
#1184=VECTOR('',#2477,1000.);
#1185=VECTOR('',#2478,1000.);
#1186=VECTOR('',#2479,1000.);
#1187=VECTOR('',#2480,1000.);
#1188=VECTOR('',#2481,1000.);
#1189=VECTOR('',#2482,1000.);
#1190=VECTOR('',#2483,1000.);
#1191=VECTOR('',#2484,1000.);
#1192=VECTOR('',#2485,1000.);
#1193=VECTOR('',#2488,1000.);
#1194=VECTOR('',#2489,1000.);
#1195=VECTOR('',#2490,1000.);
#1196=VECTOR('',#2491,1000.);
#1197=VECTOR('',#2492,1000.);
#1198=VECTOR('',#2493,1000.);
#1199=VECTOR('',#2494,1000.);
#1200=VECTOR('',#2495,1000.);
#1201=VECTOR('',#2496,1000.);
#1202=VECTOR('',#2497,1000.);
#1203=VECTOR('',#2498,1000.);
#1204=VECTOR('',#2499,1000.);
#1205=VECTOR('',#2500,1000.);
#1206=VECTOR('',#2501,1000.);
#1207=VECTOR('',#2502,1000.);
#1208=VECTOR('',#2503,1000.);
#1209=VECTOR('',#2504,1000.);
#1210=VECTOR('',#2505,1000.);
#1211=VECTOR('',#2506,1000.);
#1212=VECTOR('',#2507,1000.);
#1213=VECTOR('',#2508,1000.);
#1214=VECTOR('',#2509,1000.);
#1215=VECTOR('',#2510,1000.);
#1216=VECTOR('',#2511,1000.);
#1217=VECTOR('',#2512,1000.);
#1218=VECTOR('',#2513,1000.);
#1219=VECTOR('',#2514,1000.);
#1220=VECTOR('',#2515,1000.);
#1221=VECTOR('',#2516,1000.);
#1222=VECTOR('',#2517,1000.);
#1223=VECTOR('',#2518,1000.);
#1224=VECTOR('',#2519,1000.);
#1225=VECTOR('',#2520,1000.);
#1226=VECTOR('',#2521,1000.);
#1227=VECTOR('',#2522,1000.);
#1228=VECTOR('',#2523,1000.);
#1229=VECTOR('',#2524,1000.);
#1230=VECTOR('',#2525,1000.);
#1231=VECTOR('',#2526,1000.);
#1232=VECTOR('',#2527,1000.);
#1233=VECTOR('',#2528,1000.);
#1234=VECTOR('',#2529,1000.);
#1235=VECTOR('',#2530,1000.);
#1236=VECTOR('',#2531,1000.);
#1237=VECTOR('',#2532,1000.);
#1238=VECTOR('',#2533,1000.);
#1239=VECTOR('',#2534,1000.);
#1240=VECTOR('',#2535,1000.);
#1241=VECTOR('',#2536,1000.);
#1242=VECTOR('',#2537,1000.);
#1243=VECTOR('',#2540,1000.);
#1244=VECTOR('',#2541,1000.);
#1245=VECTOR('',#2542,1000.);
#1246=VECTOR('',#2543,1000.);
#1247=VECTOR('',#2544,1000.);
#1248=VECTOR('',#2545,1000.);
#1249=VECTOR('',#2546,1000.);
#1250=VECTOR('',#2547,1000.);
#1251=VECTOR('',#2548,1000.);
#1252=VECTOR('',#2549,1000.);
#1253=VECTOR('',#2550,1000.);
#1254=VECTOR('',#2551,1000.);
#1255=VECTOR('',#2552,1000.);
#1256=VECTOR('',#2553,1000.);
#1257=VECTOR('',#2554,1000.);
#1258=VECTOR('',#2555,1000.);
#1259=VECTOR('',#2556,1000.);
#1260=VECTOR('',#2557,1000.);
#1261=VECTOR('',#2558,1000.);
#1262=VECTOR('',#2559,1000.);
#1263=VECTOR('',#2560,1000.);
#1264=VECTOR('',#2563,1000.);
#1265=VECTOR('',#2566,1000.);
#1266=VECTOR('',#2573,1000.);
#1267=VECTOR('',#2574,1000.);
#1268=VECTOR('',#2575,1000.);
#1269=VECTOR('',#2576,1000.);
#1270=VECTOR('',#2577,1000.);
#1271=VECTOR('',#2580,1000.);
#1272=VECTOR('',#2581,1000.);
#1273=VECTOR('',#2584,1000.);
#1274=VECTOR('',#2585,1000.);
#1275=VECTOR('',#2588,1000.);
#1276=VECTOR('',#2593,1000.);
#1277=VECTOR('',#2594,1000.);
#1278=VECTOR('',#2595,1000.);
#1279=VECTOR('',#2596,1000.);
#1280=VECTOR('',#2599,1000.);
#1281=VECTOR('',#2600,1000.);
#1282=VECTOR('',#2601,1000.);
#1283=VECTOR('',#2604,1000.);
#1284=VECTOR('',#2607,1000.);
#1285=VECTOR('',#2608,1000.);
#1286=VECTOR('',#2611,1000.);
#1287=VECTOR('',#2612,1000.);
#1288=VECTOR('',#2613,1000.);
#1289=VECTOR('',#2614,1000.);
#1290=VECTOR('',#2617,1000.);
#1291=VECTOR('',#2618,1000.);
#1292=VECTOR('',#2619,1000.);
#1293=VECTOR('',#2622,1000.);
#1294=VECTOR('',#2623,1000.);
#1295=VECTOR('',#2624,1000.);
#1296=VECTOR('',#2629,1000.);
#1297=VECTOR('',#2630,1000.);
#1298=VECTOR('',#2631,1000.);
#1299=VECTOR('',#2632,1000.);
#1300=VECTOR('',#2635,1000.);
#1301=VECTOR('',#2636,1000.);
#1302=VECTOR('',#2637,1000.);
#1303=VECTOR('',#2640,1000.);
#1304=VECTOR('',#2643,1000.);
#1305=VECTOR('',#2644,1000.);
#1306=VECTOR('',#2647,1000.);
#1307=VECTOR('',#2648,1000.);
#1308=VECTOR('',#2649,1000.);
#1309=VECTOR('',#2650,1000.);
#1310=VECTOR('',#2653,1000.);
#1311=VECTOR('',#2654,1000.);
#1312=VECTOR('',#2655,1000.);
#1313=VECTOR('',#2658,1000.);
#1314=VECTOR('',#2661,1000.);
#1315=VECTOR('',#2662,1000.);
#1316=VECTOR('',#2665,1000.);
#1317=VECTOR('',#2666,1000.);
#1318=VECTOR('',#2667,1000.);
#1319=VECTOR('',#2668,1000.);
#1320=VECTOR('',#2671,1000.);
#1321=VECTOR('',#2672,1000.);
#1322=VECTOR('',#2673,1000.);
#1323=VECTOR('',#2676,1000.);
#1324=VECTOR('',#2677,1000.);
#1325=VECTOR('',#2678,1000.);
#1326=VECTOR('',#2683,1000.);
#1327=VECTOR('',#2684,1000.);
#1328=VECTOR('',#2685,1000.);
#1329=VECTOR('',#2686,1000.);
#1330=VECTOR('',#2689,1000.);
#1331=VECTOR('',#2690,1000.);
#1332=VECTOR('',#2691,1000.);
#1333=VECTOR('',#2694,1000.);
#1334=VECTOR('',#2697,1000.);
#1335=VECTOR('',#2698,1000.);
#1336=VECTOR('',#2701,1000.);
#1337=VECTOR('',#2702,1000.);
#1338=VECTOR('',#2703,1000.);
#1339=VECTOR('',#2704,1000.);
#1340=VECTOR('',#2707,1000.);
#1341=VECTOR('',#2708,1000.);
#1342=VECTOR('',#2709,1000.);
#1343=VECTOR('',#2712,1000.);
#1344=VECTOR('',#2715,1000.);
#1345=VECTOR('',#2716,1000.);
#1346=VECTOR('',#2719,1000.);
#1347=VECTOR('',#2720,1000.);
#1348=VECTOR('',#2721,1000.);
#1349=VECTOR('',#2722,1000.);
#1350=VECTOR('',#2725,1000.);
#1351=VECTOR('',#2726,1000.);
#1352=VECTOR('',#2727,1000.);
#1353=VECTOR('',#2730,1000.);
#1354=VECTOR('',#2733,1000.);
#1355=VECTOR('',#2734,1000.);
#1356=VECTOR('',#2737,1000.);
#1357=VECTOR('',#2738,1000.);
#1358=VECTOR('',#2739,1000.);
#1359=VECTOR('',#2740,1000.);
#1360=VECTOR('',#2743,1000.);
#1361=VECTOR('',#2744,1000.);
#1362=VECTOR('',#2745,1000.);
#1363=VECTOR('',#2748,1000.);
#1364=VECTOR('',#2749,1000.);
#1365=VECTOR('',#2750,1000.);
#1366=VECTOR('',#2755,1000.);
#1367=VECTOR('',#2756,1000.);
#1368=VECTOR('',#2757,1000.);
#1369=VECTOR('',#2758,1000.);
#1370=VECTOR('',#2761,1000.);
#1371=VECTOR('',#2762,1000.);
#1372=VECTOR('',#2763,1000.);
#1373=VECTOR('',#2766,1000.);
#1374=VECTOR('',#2767,1000.);
#1375=VECTOR('',#2768,1000.);
#1376=VECTOR('',#2773,1000.);
#1377=VECTOR('',#2774,1000.);
#1378=VECTOR('',#2775,1000.);
#1379=VECTOR('',#2776,1000.);
#1380=VECTOR('',#2779,1000.);
#1381=VECTOR('',#2780,1000.);
#1382=VECTOR('',#2781,1000.);
#1383=VECTOR('',#2784,1000.);
#1384=VECTOR('',#2787,1000.);
#1385=VECTOR('',#2788,1000.);
#1386=VECTOR('',#2791,1000.);
#1387=VECTOR('',#2792,1000.);
#1388=VECTOR('',#2793,1000.);
#1389=VECTOR('',#2794,1000.);
#1390=VECTOR('',#2797,1000.);
#1391=VECTOR('',#2798,1000.);
#1392=VECTOR('',#2799,1000.);
#1393=VECTOR('',#2802,1000.);
#1394=VECTOR('',#2803,1000.);
#1395=VECTOR('',#2804,1000.);
#1396=VECTOR('',#2811,1000.);
#1397=VECTOR('',#2816,1000.);
#1398=VECTOR('',#2821,1000.);
#1399=VECTOR('',#2826,1000.);
#1400=VECTOR('',#2831,1000.);
#1401=VECTOR('',#2836,1000.);
#1402=VECTOR('',#2841,1000.);
#1403=VECTOR('',#2846,1000.);
#1404=VECTOR('',#2851,1000.);
#1405=VECTOR('',#2856,1000.);
#1406=VECTOR('',#2861,1000.);
#1407=VECTOR('',#2866,1000.);
#1408=EDGE_LOOP('',(#23,#24,#25,#26,#27,#28,#29,#30,#31,#32,#33,#34,#35,
#36,#37,#38,#39,#40,#41,#42,#43,#44,#45,#46,#47,#48,#49,#50));
#1409=EDGE_LOOP('',(#51,#52,#53,#54,#55,#56,#57,#58,#59,#60,#61,#62,#63,
#64,#65,#66,#67,#68,#69,#70,#71,#72,#73,#74,#75,#76,#77,#78,#79,#80,#81,
#82,#83,#84,#85,#86,#87,#88,#89,#90,#91,#92,#93,#94,#95,#96,#97,#98,#99,
#100,#101,#102));
#1410=EDGE_LOOP('',(#103,#104,#105,#106,#107));
#1411=EDGE_LOOP('',(#108,#109,#110,#111,#112,#113,#114,#115,#116,#117,#118,
#119,#120,#121,#122,#123,#124,#125,#126,#127,#128,#129,#130,#131,#132,#133,
#134,#135));
#1412=EDGE_LOOP('',(#136,#137,#138,#139));
#1413=EDGE_LOOP('',(#140,#141,#142,#143));
#1414=EDGE_LOOP('',(#144));
#1415=EDGE_LOOP('',(#145,#146,#147,#148));
#1416=EDGE_LOOP('',(#149,#150,#151,#152,#153));
#1417=EDGE_LOOP('',(#154,#155,#156,#157));
#1418=EDGE_LOOP('',(#158,#159,#160,#161));
#1419=EDGE_LOOP('',(#162,#163,#164,#165));
#1420=EDGE_LOOP('',(#166,#167,#168,#169));
#1421=EDGE_LOOP('',(#170,#171,#172,#173));
#1422=EDGE_LOOP('',(#174,#175,#176,#177,#178,#179));
#1423=EDGE_LOOP('',(#180,#181,#182,#183));
#1424=EDGE_LOOP('',(#184,#185,#186,#187,#188,#189));
#1425=EDGE_LOOP('',(#190,#191,#192,#193));
#1426=EDGE_LOOP('',(#194,#195,#196,#197,#198,#199));
#1427=EDGE_LOOP('',(#200,#201,#202,#203,#204,#205));
#1428=EDGE_LOOP('',(#206,#207,#208,#209));
#1429=EDGE_LOOP('',(#210,#211,#212,#213));
#1430=EDGE_LOOP('',(#214,#215,#216,#217,#218,#219));
#1431=EDGE_LOOP('',(#220,#221,#222,#223));
#1432=EDGE_LOOP('',(#224,#225,#226,#227,#228,#229));
#1433=EDGE_LOOP('',(#230,#231,#232,#233));
#1434=EDGE_LOOP('',(#234,#235,#236,#237,#238,#239));
#1435=EDGE_LOOP('',(#240,#241,#242,#243));
#1436=EDGE_LOOP('',(#244,#245,#246,#247,#248,#249));
#1437=EDGE_LOOP('',(#250,#251,#252,#253));
#1438=EDGE_LOOP('',(#254,#255,#256,#257,#258,#259));
#1439=EDGE_LOOP('',(#260,#261,#262,#263,#264,#265));
#1440=EDGE_LOOP('',(#266,#267,#268,#269));
#1441=EDGE_LOOP('',(#270,#271,#272,#273));
#1442=EDGE_LOOP('',(#274,#275,#276,#277,#278,#279));
#1443=EDGE_LOOP('',(#280,#281,#282,#283));
#1444=EDGE_LOOP('',(#284,#285,#286,#287,#288,#289));
#1445=EDGE_LOOP('',(#290,#291,#292,#293));
#1446=EDGE_LOOP('',(#294,#295,#296,#297,#298,#299));
#1447=EDGE_LOOP('',(#300,#301,#302,#303));
#1448=EDGE_LOOP('',(#304,#305,#306,#307,#308,#309));
#1449=EDGE_LOOP('',(#310,#311,#312,#313));
#1450=EDGE_LOOP('',(#314,#315,#316,#317,#318,#319));
#1451=EDGE_LOOP('',(#320,#321,#322,#323));
#1452=EDGE_LOOP('',(#324,#325,#326,#327,#328,#329));
#1453=EDGE_LOOP('',(#330,#331,#332,#333));
#1454=EDGE_LOOP('',(#334,#335,#336,#337,#338,#339));
#1455=EDGE_LOOP('',(#340,#341,#342,#343,#344,#345));
#1456=EDGE_LOOP('',(#346,#347,#348,#349));
#1457=EDGE_LOOP('',(#350,#351,#352,#353));
#1458=EDGE_LOOP('',(#354,#355,#356,#357,#358,#359));
#1459=EDGE_LOOP('',(#360,#361,#362,#363,#364,#365));
#1460=EDGE_LOOP('',(#366,#367,#368,#369));
#1461=EDGE_LOOP('',(#370,#371,#372,#373));
#1462=EDGE_LOOP('',(#374,#375,#376,#377,#378,#379));
#1463=EDGE_LOOP('',(#380,#381,#382,#383));
#1464=EDGE_LOOP('',(#384,#385,#386,#387,#388,#389));
#1465=EDGE_LOOP('',(#390,#391,#392,#393));
#1466=EDGE_LOOP('',(#394,#395,#396,#397,#398,#399));
#1467=EDGE_LOOP('',(#400,#401,#402,#403,#404,#405));
#1468=EDGE_LOOP('',(#406,#407,#408,#409));
#1469=EDGE_LOOP('',(#410,#411,#412,#413));
#1470=EDGE_LOOP('',(#414,#415,#416,#417));
#1471=EDGE_LOOP('',(#418,#419,#420,#421));
#1472=EDGE_LOOP('',(#422,#423,#424,#425));
#1473=EDGE_LOOP('',(#426,#427,#428,#429));
#1474=EDGE_LOOP('',(#430,#431,#432,#433));
#1475=EDGE_LOOP('',(#434,#435,#436,#437));
#1476=EDGE_LOOP('',(#438,#439,#440,#441));
#1477=EDGE_LOOP('',(#442,#443,#444,#445));
#1478=EDGE_LOOP('',(#446,#447,#448,#449));
#1479=EDGE_LOOP('',(#450,#451,#452,#453));
#1480=EDGE_LOOP('',(#454,#455,#456,#457));
#1481=EDGE_LOOP('',(#458,#459,#460,#461));
#1482=EDGE_LOOP('',(#462,#463,#464,#465));
#1483=EDGE_LOOP('',(#466,#467,#468,#469));
#1484=EDGE_LOOP('',(#470,#471,#472,#473));
#1485=EDGE_LOOP('',(#474,#475,#476,#477));
#1486=EDGE_LOOP('',(#478,#479,#480,#481));
#1487=EDGE_LOOP('',(#482,#483,#484,#485));
#1488=EDGE_LOOP('',(#486,#487,#488,#489));
#1489=EDGE_LOOP('',(#490,#491,#492,#493));
#1490=EDGE_LOOP('',(#494,#495,#496,#497));
#1491=EDGE_LOOP('',(#498,#499,#500,#501));
#1492=EDGE_LOOP('',(#502,#503,#504,#505));
#1493=EDGE_LOOP('',(#506,#507,#508,#509));
#1494=EDGE_LOOP('',(#510));
#1495=EDGE_LOOP('',(#511));
#1496=EDGE_LOOP('',(#512));
#1497=FACE_BOUND('',#1408,.T.);
#1498=FACE_BOUND('',#1409,.T.);
#1499=FACE_BOUND('',#1410,.T.);
#1500=FACE_BOUND('',#1411,.T.);
#1501=FACE_BOUND('',#1412,.T.);
#1502=FACE_BOUND('',#1413,.T.);
#1503=FACE_BOUND('',#1414,.T.);
#1504=FACE_BOUND('',#1415,.T.);
#1505=FACE_BOUND('',#1416,.T.);
#1506=FACE_BOUND('',#1417,.T.);
#1507=FACE_BOUND('',#1418,.T.);
#1508=FACE_BOUND('',#1419,.T.);
#1509=FACE_BOUND('',#1420,.T.);
#1510=FACE_BOUND('',#1421,.T.);
#1511=FACE_BOUND('',#1422,.T.);
#1512=FACE_BOUND('',#1423,.T.);
#1513=FACE_BOUND('',#1424,.T.);
#1514=FACE_BOUND('',#1425,.T.);
#1515=FACE_BOUND('',#1426,.T.);
#1516=FACE_BOUND('',#1427,.T.);
#1517=FACE_BOUND('',#1428,.T.);
#1518=FACE_BOUND('',#1429,.T.);
#1519=FACE_BOUND('',#1430,.T.);
#1520=FACE_BOUND('',#1431,.T.);
#1521=FACE_BOUND('',#1432,.T.);
#1522=FACE_BOUND('',#1433,.T.);
#1523=FACE_BOUND('',#1434,.T.);
#1524=FACE_BOUND('',#1435,.T.);
#1525=FACE_BOUND('',#1436,.T.);
#1526=FACE_BOUND('',#1437,.T.);
#1527=FACE_BOUND('',#1438,.T.);
#1528=FACE_BOUND('',#1439,.T.);
#1529=FACE_BOUND('',#1440,.T.);
#1530=FACE_BOUND('',#1441,.T.);
#1531=FACE_BOUND('',#1442,.T.);
#1532=FACE_BOUND('',#1443,.T.);
#1533=FACE_BOUND('',#1444,.T.);
#1534=FACE_BOUND('',#1445,.T.);
#1535=FACE_BOUND('',#1446,.T.);
#1536=FACE_BOUND('',#1447,.T.);
#1537=FACE_BOUND('',#1448,.T.);
#1538=FACE_BOUND('',#1449,.T.);
#1539=FACE_BOUND('',#1450,.T.);
#1540=FACE_BOUND('',#1451,.T.);
#1541=FACE_BOUND('',#1452,.T.);
#1542=FACE_BOUND('',#1453,.T.);
#1543=FACE_BOUND('',#1454,.T.);
#1544=FACE_BOUND('',#1455,.T.);
#1545=FACE_BOUND('',#1456,.T.);
#1546=FACE_BOUND('',#1457,.T.);
#1547=FACE_BOUND('',#1458,.T.);
#1548=FACE_BOUND('',#1459,.T.);
#1549=FACE_BOUND('',#1460,.T.);
#1550=FACE_BOUND('',#1461,.T.);
#1551=FACE_BOUND('',#1462,.T.);
#1552=FACE_BOUND('',#1463,.T.);
#1553=FACE_BOUND('',#1464,.T.);
#1554=FACE_BOUND('',#1465,.T.);
#1555=FACE_BOUND('',#1466,.T.);
#1556=FACE_BOUND('',#1467,.T.);
#1557=FACE_BOUND('',#1468,.T.);
#1558=FACE_BOUND('',#1469,.T.);
#1559=FACE_BOUND('',#1470,.T.);
#1560=FACE_BOUND('',#1471,.T.);
#1561=FACE_BOUND('',#1472,.T.);
#1562=FACE_BOUND('',#1473,.T.);
#1563=FACE_BOUND('',#1474,.T.);
#1564=FACE_BOUND('',#1475,.T.);
#1565=FACE_BOUND('',#1476,.T.);
#1566=FACE_BOUND('',#1477,.T.);
#1567=FACE_BOUND('',#1478,.T.);
#1568=FACE_BOUND('',#1479,.T.);
#1569=FACE_BOUND('',#1480,.T.);
#1570=FACE_BOUND('',#1481,.T.);
#1571=FACE_BOUND('',#1482,.T.);
#1572=FACE_BOUND('',#1483,.T.);
#1573=FACE_BOUND('',#1484,.T.);
#1574=FACE_BOUND('',#1485,.T.);
#1575=FACE_BOUND('',#1486,.T.);
#1576=FACE_BOUND('',#1487,.T.);
#1577=FACE_BOUND('',#1488,.T.);
#1578=FACE_BOUND('',#1489,.T.);
#1579=FACE_BOUND('',#1490,.T.);
#1580=FACE_BOUND('',#1491,.T.);
#1581=FACE_BOUND('',#1492,.T.);
#1582=FACE_BOUND('',#1493,.T.);
#1583=FACE_BOUND('',#1494,.T.);
#1584=FACE_BOUND('',#1495,.T.);
#1585=FACE_BOUND('',#1496,.T.);
#1586=PLANE('',#2366);
#1587=PLANE('',#2367);
#1588=PLANE('',#2368);
#1589=PLANE('',#2369);
#1590=PLANE('',#2370);
#1591=PLANE('',#2371);
#1592=PLANE('',#2373);
#1593=PLANE('',#2374);
#1594=PLANE('',#2375);
#1595=PLANE('',#2376);
#1596=PLANE('',#2377);
#1597=PLANE('',#2378);
#1598=PLANE('',#2379);
#1599=PLANE('',#2380);
#1600=PLANE('',#2381);
#1601=PLANE('',#2382);
#1602=PLANE('',#2383);
#1603=PLANE('',#2384);
#1604=PLANE('',#2385);
#1605=PLANE('',#2386);
#1606=PLANE('',#2387);
#1607=PLANE('',#2388);
#1608=PLANE('',#2389);
#1609=PLANE('',#2390);
#1610=PLANE('',#2391);
#1611=PLANE('',#2392);
#1612=PLANE('',#2393);
#1613=PLANE('',#2394);
#1614=PLANE('',#2395);
#1615=PLANE('',#2396);
#1616=PLANE('',#2397);
#1617=PLANE('',#2398);
#1618=PLANE('',#2399);
#1619=PLANE('',#2400);
#1620=PLANE('',#2401);
#1621=PLANE('',#2402);
#1622=PLANE('',#2403);
#1623=PLANE('',#2404);
#1624=PLANE('',#2405);
#1625=PLANE('',#2406);
#1626=PLANE('',#2407);
#1627=PLANE('',#2408);
#1628=PLANE('',#2409);
#1629=PLANE('',#2410);
#1630=PLANE('',#2411);
#1631=PLANE('',#2412);
#1632=PLANE('',#2413);
#1633=PLANE('',#2414);
#1634=PLANE('',#2415);
#1635=PLANE('',#2416);
#1636=PLANE('',#2417);
#1637=PLANE('',#2418);
#1638=PLANE('',#2419);
#1639=PLANE('',#2420);
#1640=PLANE('',#2421);
#1641=PLANE('',#2422);
#1642=PLANE('',#2423);
#1643=PLANE('',#2424);
#1644=PLANE('',#2425);
#1645=PLANE('',#2426);
#1646=PLANE('',#2427);
#1647=PLANE('',#2428);
#1648=PLANE('',#2429);
#1649=PLANE('',#2430);
#1650=PLANE('',#2431);
#1651=PLANE('',#2432);
#1652=PLANE('',#2433);
#1653=PLANE('',#2434);
#1654=PLANE('',#2435);
#1655=PLANE('',#2436);
#1656=PLANE('',#2437);
#1657=PLANE('',#2438);
#1658=PLANE('',#2439);
#1659=PLANE('',#2440);
#1660=PLANE('',#2441);
#1661=PLANE('',#2442);
#1662=PLANE('',#2443);
#1663=PLANE('',#2444);
#1664=PLANE('',#2445);
#1665=PLANE('',#2446);
#1666=PLANE('',#2447);
#1667=PLANE('',#2448);
#1668=PLANE('',#2449);
#1669=PLANE('',#2450);
#1670=PLANE('',#2453);
#1671=STYLED_ITEM('',(#1757),#2275);
#1672=STYLED_ITEM('',(#1758),#2276);
#1673=STYLED_ITEM('',(#1759),#2277);
#1674=STYLED_ITEM('',(#1760),#2278);
#1675=STYLED_ITEM('',(#1761),#2279);
#1676=STYLED_ITEM('',(#1762),#2280);
#1677=STYLED_ITEM('',(#1763),#2281);
#1678=STYLED_ITEM('',(#1764),#2282);
#1679=STYLED_ITEM('',(#1765),#2283);
#1680=STYLED_ITEM('',(#1766),#2284);
#1681=STYLED_ITEM('',(#1767),#2285);
#1682=STYLED_ITEM('',(#1768),#2286);
#1683=STYLED_ITEM('',(#1769),#2287);
#1684=STYLED_ITEM('',(#1770),#2288);
#1685=STYLED_ITEM('',(#1771),#2289);
#1686=STYLED_ITEM('',(#1772),#2290);
#1687=STYLED_ITEM('',(#1773),#2291);
#1688=STYLED_ITEM('',(#1774),#2292);
#1689=STYLED_ITEM('',(#1775),#2293);
#1690=STYLED_ITEM('',(#1776),#2294);
#1691=STYLED_ITEM('',(#1777),#2295);
#1692=STYLED_ITEM('',(#1778),#2296);
#1693=STYLED_ITEM('',(#1779),#2297);
#1694=STYLED_ITEM('',(#1780),#2298);
#1695=STYLED_ITEM('',(#1781),#2299);
#1696=STYLED_ITEM('',(#1782),#2300);
#1697=STYLED_ITEM('',(#1783),#2301);
#1698=STYLED_ITEM('',(#1784),#2302);
#1699=STYLED_ITEM('',(#1785),#2303);
#1700=STYLED_ITEM('',(#1786),#2304);
#1701=STYLED_ITEM('',(#1787),#2305);
#1702=STYLED_ITEM('',(#1788),#2306);
#1703=STYLED_ITEM('',(#1789),#2307);
#1704=STYLED_ITEM('',(#1790),#2308);
#1705=STYLED_ITEM('',(#1791),#2309);
#1706=STYLED_ITEM('',(#1792),#2310);
#1707=STYLED_ITEM('',(#1793),#2311);
#1708=STYLED_ITEM('',(#1794),#2312);
#1709=STYLED_ITEM('',(#1795),#2313);
#1710=STYLED_ITEM('',(#1796),#2314);
#1711=STYLED_ITEM('',(#1797),#2315);
#1712=STYLED_ITEM('',(#1798),#2316);
#1713=STYLED_ITEM('',(#1799),#2317);
#1714=STYLED_ITEM('',(#1800),#2318);
#1715=STYLED_ITEM('',(#1801),#2319);
#1716=STYLED_ITEM('',(#1802),#2320);
#1717=STYLED_ITEM('',(#1803),#2321);
#1718=STYLED_ITEM('',(#1804),#2322);
#1719=STYLED_ITEM('',(#1805),#2323);
#1720=STYLED_ITEM('',(#1806),#2324);
#1721=STYLED_ITEM('',(#1807),#2325);
#1722=STYLED_ITEM('',(#1808),#2326);
#1723=STYLED_ITEM('',(#1809),#2327);
#1724=STYLED_ITEM('',(#1810),#2328);
#1725=STYLED_ITEM('',(#1811),#2329);
#1726=STYLED_ITEM('',(#1812),#2330);
#1727=STYLED_ITEM('',(#1813),#2331);
#1728=STYLED_ITEM('',(#1814),#2332);
#1729=STYLED_ITEM('',(#1815),#2333);
#1730=STYLED_ITEM('',(#1816),#2334);
#1731=STYLED_ITEM('',(#1817),#2335);
#1732=STYLED_ITEM('',(#1818),#2336);
#1733=STYLED_ITEM('',(#1819),#2337);
#1734=STYLED_ITEM('',(#1820),#2338);
#1735=STYLED_ITEM('',(#1821),#2339);
#1736=STYLED_ITEM('',(#1822),#2340);
#1737=STYLED_ITEM('',(#1823),#2341);
#1738=STYLED_ITEM('',(#1824),#2342);
#1739=STYLED_ITEM('',(#1825),#2343);
#1740=STYLED_ITEM('',(#1826),#2344);
#1741=STYLED_ITEM('',(#1827),#2345);
#1742=STYLED_ITEM('',(#1828),#2346);
#1743=STYLED_ITEM('',(#1829),#2347);
#1744=STYLED_ITEM('',(#1830),#2348);
#1745=STYLED_ITEM('',(#1831),#2349);
#1746=STYLED_ITEM('',(#1832),#2350);
#1747=STYLED_ITEM('',(#1833),#2351);
#1748=STYLED_ITEM('',(#1834),#2352);
#1749=STYLED_ITEM('',(#1835),#2353);
#1750=STYLED_ITEM('',(#1836),#2354);
#1751=STYLED_ITEM('',(#1837),#2355);
#1752=STYLED_ITEM('',(#1838),#2356);
#1753=STYLED_ITEM('',(#1839),#2357);
#1754=STYLED_ITEM('',(#1840),#2358);
#1755=STYLED_ITEM('',(#1841),#2359);
#1756=STYLED_ITEM('',(#1842),#2360);
#1757=PRESENTATION_STYLE_ASSIGNMENT((#1843));
#1758=PRESENTATION_STYLE_ASSIGNMENT((#1844));
#1759=PRESENTATION_STYLE_ASSIGNMENT((#1845));
#1760=PRESENTATION_STYLE_ASSIGNMENT((#1846));
#1761=PRESENTATION_STYLE_ASSIGNMENT((#1847));
#1762=PRESENTATION_STYLE_ASSIGNMENT((#1848));
#1763=PRESENTATION_STYLE_ASSIGNMENT((#1849));
#1764=PRESENTATION_STYLE_ASSIGNMENT((#1850));
#1765=PRESENTATION_STYLE_ASSIGNMENT((#1851));
#1766=PRESENTATION_STYLE_ASSIGNMENT((#1852));
#1767=PRESENTATION_STYLE_ASSIGNMENT((#1853));
#1768=PRESENTATION_STYLE_ASSIGNMENT((#1854));
#1769=PRESENTATION_STYLE_ASSIGNMENT((#1855));
#1770=PRESENTATION_STYLE_ASSIGNMENT((#1856));
#1771=PRESENTATION_STYLE_ASSIGNMENT((#1857));
#1772=PRESENTATION_STYLE_ASSIGNMENT((#1858));
#1773=PRESENTATION_STYLE_ASSIGNMENT((#1859));
#1774=PRESENTATION_STYLE_ASSIGNMENT((#1860));
#1775=PRESENTATION_STYLE_ASSIGNMENT((#1861));
#1776=PRESENTATION_STYLE_ASSIGNMENT((#1862));
#1777=PRESENTATION_STYLE_ASSIGNMENT((#1863));
#1778=PRESENTATION_STYLE_ASSIGNMENT((#1864));
#1779=PRESENTATION_STYLE_ASSIGNMENT((#1865));
#1780=PRESENTATION_STYLE_ASSIGNMENT((#1866));
#1781=PRESENTATION_STYLE_ASSIGNMENT((#1867));
#1782=PRESENTATION_STYLE_ASSIGNMENT((#1868));
#1783=PRESENTATION_STYLE_ASSIGNMENT((#1869));
#1784=PRESENTATION_STYLE_ASSIGNMENT((#1870));
#1785=PRESENTATION_STYLE_ASSIGNMENT((#1871));
#1786=PRESENTATION_STYLE_ASSIGNMENT((#1872));
#1787=PRESENTATION_STYLE_ASSIGNMENT((#1873));
#1788=PRESENTATION_STYLE_ASSIGNMENT((#1874));
#1789=PRESENTATION_STYLE_ASSIGNMENT((#1875));
#1790=PRESENTATION_STYLE_ASSIGNMENT((#1876));
#1791=PRESENTATION_STYLE_ASSIGNMENT((#1877));
#1792=PRESENTATION_STYLE_ASSIGNMENT((#1878));
#1793=PRESENTATION_STYLE_ASSIGNMENT((#1879));
#1794=PRESENTATION_STYLE_ASSIGNMENT((#1880));
#1795=PRESENTATION_STYLE_ASSIGNMENT((#1881));
#1796=PRESENTATION_STYLE_ASSIGNMENT((#1882));
#1797=PRESENTATION_STYLE_ASSIGNMENT((#1883));
#1798=PRESENTATION_STYLE_ASSIGNMENT((#1884));
#1799=PRESENTATION_STYLE_ASSIGNMENT((#1885));
#1800=PRESENTATION_STYLE_ASSIGNMENT((#1886));
#1801=PRESENTATION_STYLE_ASSIGNMENT((#1887));
#1802=PRESENTATION_STYLE_ASSIGNMENT((#1888));
#1803=PRESENTATION_STYLE_ASSIGNMENT((#1889));
#1804=PRESENTATION_STYLE_ASSIGNMENT((#1890));
#1805=PRESENTATION_STYLE_ASSIGNMENT((#1891));
#1806=PRESENTATION_STYLE_ASSIGNMENT((#1892));
#1807=PRESENTATION_STYLE_ASSIGNMENT((#1893));
#1808=PRESENTATION_STYLE_ASSIGNMENT((#1894));
#1809=PRESENTATION_STYLE_ASSIGNMENT((#1895));
#1810=PRESENTATION_STYLE_ASSIGNMENT((#1896));
#1811=PRESENTATION_STYLE_ASSIGNMENT((#1897));
#1812=PRESENTATION_STYLE_ASSIGNMENT((#1898));
#1813=PRESENTATION_STYLE_ASSIGNMENT((#1899));
#1814=PRESENTATION_STYLE_ASSIGNMENT((#1900));
#1815=PRESENTATION_STYLE_ASSIGNMENT((#1901));
#1816=PRESENTATION_STYLE_ASSIGNMENT((#1902));
#1817=PRESENTATION_STYLE_ASSIGNMENT((#1903));
#1818=PRESENTATION_STYLE_ASSIGNMENT((#1904));
#1819=PRESENTATION_STYLE_ASSIGNMENT((#1905));
#1820=PRESENTATION_STYLE_ASSIGNMENT((#1906));
#1821=PRESENTATION_STYLE_ASSIGNMENT((#1907));
#1822=PRESENTATION_STYLE_ASSIGNMENT((#1908));
#1823=PRESENTATION_STYLE_ASSIGNMENT((#1909));
#1824=PRESENTATION_STYLE_ASSIGNMENT((#1910));
#1825=PRESENTATION_STYLE_ASSIGNMENT((#1911));
#1826=PRESENTATION_STYLE_ASSIGNMENT((#1912));
#1827=PRESENTATION_STYLE_ASSIGNMENT((#1913));
#1828=PRESENTATION_STYLE_ASSIGNMENT((#1914));
#1829=PRESENTATION_STYLE_ASSIGNMENT((#1915));
#1830=PRESENTATION_STYLE_ASSIGNMENT((#1916));
#1831=PRESENTATION_STYLE_ASSIGNMENT((#1917));
#1832=PRESENTATION_STYLE_ASSIGNMENT((#1918));
#1833=PRESENTATION_STYLE_ASSIGNMENT((#1919));
#1834=PRESENTATION_STYLE_ASSIGNMENT((#1920));
#1835=PRESENTATION_STYLE_ASSIGNMENT((#1921));
#1836=PRESENTATION_STYLE_ASSIGNMENT((#1922));
#1837=PRESENTATION_STYLE_ASSIGNMENT((#1923));
#1838=PRESENTATION_STYLE_ASSIGNMENT((#1924));
#1839=PRESENTATION_STYLE_ASSIGNMENT((#1925));
#1840=PRESENTATION_STYLE_ASSIGNMENT((#1926));
#1841=PRESENTATION_STYLE_ASSIGNMENT((#1927));
#1842=PRESENTATION_STYLE_ASSIGNMENT((#1928));
#1843=SURFACE_STYLE_USAGE(.BOTH.,#1929);
#1844=SURFACE_STYLE_USAGE(.BOTH.,#1930);
#1845=SURFACE_STYLE_USAGE(.BOTH.,#1931);
#1846=SURFACE_STYLE_USAGE(.BOTH.,#1932);
#1847=SURFACE_STYLE_USAGE(.BOTH.,#1933);
#1848=SURFACE_STYLE_USAGE(.BOTH.,#1934);
#1849=SURFACE_STYLE_USAGE(.BOTH.,#1935);
#1850=SURFACE_STYLE_USAGE(.BOTH.,#1936);
#1851=SURFACE_STYLE_USAGE(.BOTH.,#1937);
#1852=SURFACE_STYLE_USAGE(.BOTH.,#1938);
#1853=SURFACE_STYLE_USAGE(.BOTH.,#1939);
#1854=SURFACE_STYLE_USAGE(.BOTH.,#1940);
#1855=SURFACE_STYLE_USAGE(.BOTH.,#1941);
#1856=SURFACE_STYLE_USAGE(.BOTH.,#1942);
#1857=SURFACE_STYLE_USAGE(.BOTH.,#1943);
#1858=SURFACE_STYLE_USAGE(.BOTH.,#1944);
#1859=SURFACE_STYLE_USAGE(.BOTH.,#1945);
#1860=SURFACE_STYLE_USAGE(.BOTH.,#1946);
#1861=SURFACE_STYLE_USAGE(.BOTH.,#1947);
#1862=SURFACE_STYLE_USAGE(.BOTH.,#1948);
#1863=SURFACE_STYLE_USAGE(.BOTH.,#1949);
#1864=SURFACE_STYLE_USAGE(.BOTH.,#1950);
#1865=SURFACE_STYLE_USAGE(.BOTH.,#1951);
#1866=SURFACE_STYLE_USAGE(.BOTH.,#1952);
#1867=SURFACE_STYLE_USAGE(.BOTH.,#1953);
#1868=SURFACE_STYLE_USAGE(.BOTH.,#1954);
#1869=SURFACE_STYLE_USAGE(.BOTH.,#1955);
#1870=SURFACE_STYLE_USAGE(.BOTH.,#1956);
#1871=SURFACE_STYLE_USAGE(.BOTH.,#1957);
#1872=SURFACE_STYLE_USAGE(.BOTH.,#1958);
#1873=SURFACE_STYLE_USAGE(.BOTH.,#1959);
#1874=SURFACE_STYLE_USAGE(.BOTH.,#1960);
#1875=SURFACE_STYLE_USAGE(.BOTH.,#1961);
#1876=SURFACE_STYLE_USAGE(.BOTH.,#1962);
#1877=SURFACE_STYLE_USAGE(.BOTH.,#1963);
#1878=SURFACE_STYLE_USAGE(.BOTH.,#1964);
#1879=SURFACE_STYLE_USAGE(.BOTH.,#1965);
#1880=SURFACE_STYLE_USAGE(.BOTH.,#1966);
#1881=SURFACE_STYLE_USAGE(.BOTH.,#1967);
#1882=SURFACE_STYLE_USAGE(.BOTH.,#1968);
#1883=SURFACE_STYLE_USAGE(.BOTH.,#1969);
#1884=SURFACE_STYLE_USAGE(.BOTH.,#1970);
#1885=SURFACE_STYLE_USAGE(.BOTH.,#1971);
#1886=SURFACE_STYLE_USAGE(.BOTH.,#1972);
#1887=SURFACE_STYLE_USAGE(.BOTH.,#1973);
#1888=SURFACE_STYLE_USAGE(.BOTH.,#1974);
#1889=SURFACE_STYLE_USAGE(.BOTH.,#1975);
#1890=SURFACE_STYLE_USAGE(.BOTH.,#1976);
#1891=SURFACE_STYLE_USAGE(.BOTH.,#1977);
#1892=SURFACE_STYLE_USAGE(.BOTH.,#1978);
#1893=SURFACE_STYLE_USAGE(.BOTH.,#1979);
#1894=SURFACE_STYLE_USAGE(.BOTH.,#1980);
#1895=SURFACE_STYLE_USAGE(.BOTH.,#1981);
#1896=SURFACE_STYLE_USAGE(.BOTH.,#1982);
#1897=SURFACE_STYLE_USAGE(.BOTH.,#1983);
#1898=SURFACE_STYLE_USAGE(.BOTH.,#1984);
#1899=SURFACE_STYLE_USAGE(.BOTH.,#1985);
#1900=SURFACE_STYLE_USAGE(.BOTH.,#1986);
#1901=SURFACE_STYLE_USAGE(.BOTH.,#1987);
#1902=SURFACE_STYLE_USAGE(.BOTH.,#1988);
#1903=SURFACE_STYLE_USAGE(.BOTH.,#1989);
#1904=SURFACE_STYLE_USAGE(.BOTH.,#1990);
#1905=SURFACE_STYLE_USAGE(.BOTH.,#1991);
#1906=SURFACE_STYLE_USAGE(.BOTH.,#1992);
#1907=SURFACE_STYLE_USAGE(.BOTH.,#1993);
#1908=SURFACE_STYLE_USAGE(.BOTH.,#1994);
#1909=SURFACE_STYLE_USAGE(.BOTH.,#1995);
#1910=SURFACE_STYLE_USAGE(.BOTH.,#1996);
#1911=SURFACE_STYLE_USAGE(.BOTH.,#1997);
#1912=SURFACE_STYLE_USAGE(.BOTH.,#1998);
#1913=SURFACE_STYLE_USAGE(.BOTH.,#1999);
#1914=SURFACE_STYLE_USAGE(.BOTH.,#2000);
#1915=SURFACE_STYLE_USAGE(.BOTH.,#2001);
#1916=SURFACE_STYLE_USAGE(.BOTH.,#2002);
#1917=SURFACE_STYLE_USAGE(.BOTH.,#2003);
#1918=SURFACE_STYLE_USAGE(.BOTH.,#2004);
#1919=SURFACE_STYLE_USAGE(.BOTH.,#2005);
#1920=SURFACE_STYLE_USAGE(.BOTH.,#2006);
#1921=SURFACE_STYLE_USAGE(.BOTH.,#2007);
#1922=SURFACE_STYLE_USAGE(.BOTH.,#2008);
#1923=SURFACE_STYLE_USAGE(.BOTH.,#2009);
#1924=SURFACE_STYLE_USAGE(.BOTH.,#2010);
#1925=SURFACE_STYLE_USAGE(.BOTH.,#2011);
#1926=SURFACE_STYLE_USAGE(.BOTH.,#2012);
#1927=SURFACE_STYLE_USAGE(.BOTH.,#2013);
#1928=SURFACE_STYLE_USAGE(.BOTH.,#2014);
#1929=SURFACE_SIDE_STYLE('',(#2015));
#1930=SURFACE_SIDE_STYLE('',(#2016));
#1931=SURFACE_SIDE_STYLE('',(#2017));
#1932=SURFACE_SIDE_STYLE('',(#2018));
#1933=SURFACE_SIDE_STYLE('',(#2019));
#1934=SURFACE_SIDE_STYLE('',(#2020));
#1935=SURFACE_SIDE_STYLE('',(#2021));
#1936=SURFACE_SIDE_STYLE('',(#2022));
#1937=SURFACE_SIDE_STYLE('',(#2023));
#1938=SURFACE_SIDE_STYLE('',(#2024));
#1939=SURFACE_SIDE_STYLE('',(#2025));
#1940=SURFACE_SIDE_STYLE('',(#2026));
#1941=SURFACE_SIDE_STYLE('',(#2027));
#1942=SURFACE_SIDE_STYLE('',(#2028));
#1943=SURFACE_SIDE_STYLE('',(#2029));
#1944=SURFACE_SIDE_STYLE('',(#2030));
#1945=SURFACE_SIDE_STYLE('',(#2031));
#1946=SURFACE_SIDE_STYLE('',(#2032));
#1947=SURFACE_SIDE_STYLE('',(#2033));
#1948=SURFACE_SIDE_STYLE('',(#2034));
#1949=SURFACE_SIDE_STYLE('',(#2035));
#1950=SURFACE_SIDE_STYLE('',(#2036));
#1951=SURFACE_SIDE_STYLE('',(#2037));
#1952=SURFACE_SIDE_STYLE('',(#2038));
#1953=SURFACE_SIDE_STYLE('',(#2039));
#1954=SURFACE_SIDE_STYLE('',(#2040));
#1955=SURFACE_SIDE_STYLE('',(#2041));
#1956=SURFACE_SIDE_STYLE('',(#2042));
#1957=SURFACE_SIDE_STYLE('',(#2043));
#1958=SURFACE_SIDE_STYLE('',(#2044));
#1959=SURFACE_SIDE_STYLE('',(#2045));
#1960=SURFACE_SIDE_STYLE('',(#2046));
#1961=SURFACE_SIDE_STYLE('',(#2047));
#1962=SURFACE_SIDE_STYLE('',(#2048));
#1963=SURFACE_SIDE_STYLE('',(#2049));
#1964=SURFACE_SIDE_STYLE('',(#2050));
#1965=SURFACE_SIDE_STYLE('',(#2051));
#1966=SURFACE_SIDE_STYLE('',(#2052));
#1967=SURFACE_SIDE_STYLE('',(#2053));
#1968=SURFACE_SIDE_STYLE('',(#2054));
#1969=SURFACE_SIDE_STYLE('',(#2055));
#1970=SURFACE_SIDE_STYLE('',(#2056));
#1971=SURFACE_SIDE_STYLE('',(#2057));
#1972=SURFACE_SIDE_STYLE('',(#2058));
#1973=SURFACE_SIDE_STYLE('',(#2059));
#1974=SURFACE_SIDE_STYLE('',(#2060));
#1975=SURFACE_SIDE_STYLE('',(#2061));
#1976=SURFACE_SIDE_STYLE('',(#2062));
#1977=SURFACE_SIDE_STYLE('',(#2063));
#1978=SURFACE_SIDE_STYLE('',(#2064));
#1979=SURFACE_SIDE_STYLE('',(#2065));
#1980=SURFACE_SIDE_STYLE('',(#2066));
#1981=SURFACE_SIDE_STYLE('',(#2067));
#1982=SURFACE_SIDE_STYLE('',(#2068));
#1983=SURFACE_SIDE_STYLE('',(#2069));
#1984=SURFACE_SIDE_STYLE('',(#2070));
#1985=SURFACE_SIDE_STYLE('',(#2071));
#1986=SURFACE_SIDE_STYLE('',(#2072));
#1987=SURFACE_SIDE_STYLE('',(#2073));
#1988=SURFACE_SIDE_STYLE('',(#2074));
#1989=SURFACE_SIDE_STYLE('',(#2075));
#1990=SURFACE_SIDE_STYLE('',(#2076));
#1991=SURFACE_SIDE_STYLE('',(#2077));
#1992=SURFACE_SIDE_STYLE('',(#2078));
#1993=SURFACE_SIDE_STYLE('',(#2079));
#1994=SURFACE_SIDE_STYLE('',(#2080));
#1995=SURFACE_SIDE_STYLE('',(#2081));
#1996=SURFACE_SIDE_STYLE('',(#2082));
#1997=SURFACE_SIDE_STYLE('',(#2083));
#1998=SURFACE_SIDE_STYLE('',(#2084));
#1999=SURFACE_SIDE_STYLE('',(#2085));
#2000=SURFACE_SIDE_STYLE('',(#2086));
#2001=SURFACE_SIDE_STYLE('',(#2087));
#2002=SURFACE_SIDE_STYLE('',(#2088));
#2003=SURFACE_SIDE_STYLE('',(#2089));
#2004=SURFACE_SIDE_STYLE('',(#2090));
#2005=SURFACE_SIDE_STYLE('',(#2091));
#2006=SURFACE_SIDE_STYLE('',(#2092));
#2007=SURFACE_SIDE_STYLE('',(#2093));
#2008=SURFACE_SIDE_STYLE('',(#2094));
#2009=SURFACE_SIDE_STYLE('',(#2095));
#2010=SURFACE_SIDE_STYLE('',(#2096));
#2011=SURFACE_SIDE_STYLE('',(#2097));
#2012=SURFACE_SIDE_STYLE('',(#2098));
#2013=SURFACE_SIDE_STYLE('',(#2099));
#2014=SURFACE_SIDE_STYLE('',(#2100));
#2015=SURFACE_STYLE_FILL_AREA(#2101);
#2016=SURFACE_STYLE_FILL_AREA(#2102);
#2017=SURFACE_STYLE_FILL_AREA(#2103);
#2018=SURFACE_STYLE_FILL_AREA(#2104);
#2019=SURFACE_STYLE_FILL_AREA(#2105);
#2020=SURFACE_STYLE_FILL_AREA(#2106);
#2021=SURFACE_STYLE_FILL_AREA(#2107);
#2022=SURFACE_STYLE_FILL_AREA(#2108);
#2023=SURFACE_STYLE_FILL_AREA(#2109);
#2024=SURFACE_STYLE_FILL_AREA(#2110);
#2025=SURFACE_STYLE_FILL_AREA(#2111);
#2026=SURFACE_STYLE_FILL_AREA(#2112);
#2027=SURFACE_STYLE_FILL_AREA(#2113);
#2028=SURFACE_STYLE_FILL_AREA(#2114);
#2029=SURFACE_STYLE_FILL_AREA(#2115);
#2030=SURFACE_STYLE_FILL_AREA(#2116);
#2031=SURFACE_STYLE_FILL_AREA(#2117);
#2032=SURFACE_STYLE_FILL_AREA(#2118);
#2033=SURFACE_STYLE_FILL_AREA(#2119);
#2034=SURFACE_STYLE_FILL_AREA(#2120);
#2035=SURFACE_STYLE_FILL_AREA(#2121);
#2036=SURFACE_STYLE_FILL_AREA(#2122);
#2037=SURFACE_STYLE_FILL_AREA(#2123);
#2038=SURFACE_STYLE_FILL_AREA(#2124);
#2039=SURFACE_STYLE_FILL_AREA(#2125);
#2040=SURFACE_STYLE_FILL_AREA(#2126);
#2041=SURFACE_STYLE_FILL_AREA(#2127);
#2042=SURFACE_STYLE_FILL_AREA(#2128);
#2043=SURFACE_STYLE_FILL_AREA(#2129);
#2044=SURFACE_STYLE_FILL_AREA(#2130);
#2045=SURFACE_STYLE_FILL_AREA(#2131);
#2046=SURFACE_STYLE_FILL_AREA(#2132);
#2047=SURFACE_STYLE_FILL_AREA(#2133);
#2048=SURFACE_STYLE_FILL_AREA(#2134);
#2049=SURFACE_STYLE_FILL_AREA(#2135);
#2050=SURFACE_STYLE_FILL_AREA(#2136);
#2051=SURFACE_STYLE_FILL_AREA(#2137);
#2052=SURFACE_STYLE_FILL_AREA(#2138);
#2053=SURFACE_STYLE_FILL_AREA(#2139);
#2054=SURFACE_STYLE_FILL_AREA(#2140);
#2055=SURFACE_STYLE_FILL_AREA(#2141);
#2056=SURFACE_STYLE_FILL_AREA(#2142);
#2057=SURFACE_STYLE_FILL_AREA(#2143);
#2058=SURFACE_STYLE_FILL_AREA(#2144);
#2059=SURFACE_STYLE_FILL_AREA(#2145);
#2060=SURFACE_STYLE_FILL_AREA(#2146);
#2061=SURFACE_STYLE_FILL_AREA(#2147);
#2062=SURFACE_STYLE_FILL_AREA(#2148);
#2063=SURFACE_STYLE_FILL_AREA(#2149);
#2064=SURFACE_STYLE_FILL_AREA(#2150);
#2065=SURFACE_STYLE_FILL_AREA(#2151);
#2066=SURFACE_STYLE_FILL_AREA(#2152);
#2067=SURFACE_STYLE_FILL_AREA(#2153);
#2068=SURFACE_STYLE_FILL_AREA(#2154);
#2069=SURFACE_STYLE_FILL_AREA(#2155);
#2070=SURFACE_STYLE_FILL_AREA(#2156);
#2071=SURFACE_STYLE_FILL_AREA(#2157);
#2072=SURFACE_STYLE_FILL_AREA(#2158);
#2073=SURFACE_STYLE_FILL_AREA(#2159);
#2074=SURFACE_STYLE_FILL_AREA(#2160);
#2075=SURFACE_STYLE_FILL_AREA(#2161);
#2076=SURFACE_STYLE_FILL_AREA(#2162);
#2077=SURFACE_STYLE_FILL_AREA(#2163);
#2078=SURFACE_STYLE_FILL_AREA(#2164);
#2079=SURFACE_STYLE_FILL_AREA(#2165);
#2080=SURFACE_STYLE_FILL_AREA(#2166);
#2081=SURFACE_STYLE_FILL_AREA(#2167);
#2082=SURFACE_STYLE_FILL_AREA(#2168);
#2083=SURFACE_STYLE_FILL_AREA(#2169);
#2084=SURFACE_STYLE_FILL_AREA(#2170);
#2085=SURFACE_STYLE_FILL_AREA(#2171);
#2086=SURFACE_STYLE_FILL_AREA(#2172);
#2087=SURFACE_STYLE_FILL_AREA(#2173);
#2088=SURFACE_STYLE_FILL_AREA(#2174);
#2089=SURFACE_STYLE_FILL_AREA(#2175);
#2090=SURFACE_STYLE_FILL_AREA(#2176);
#2091=SURFACE_STYLE_FILL_AREA(#2177);
#2092=SURFACE_STYLE_FILL_AREA(#2178);
#2093=SURFACE_STYLE_FILL_AREA(#2179);
#2094=SURFACE_STYLE_FILL_AREA(#2180);
#2095=SURFACE_STYLE_FILL_AREA(#2181);
#2096=SURFACE_STYLE_FILL_AREA(#2182);
#2097=SURFACE_STYLE_FILL_AREA(#2183);
#2098=SURFACE_STYLE_FILL_AREA(#2184);
#2099=SURFACE_STYLE_FILL_AREA(#2185);
#2100=SURFACE_STYLE_FILL_AREA(#2186);
#2101=FILL_AREA_STYLE('',(#2187));
#2102=FILL_AREA_STYLE('',(#2188));
#2103=FILL_AREA_STYLE('',(#2189));
#2104=FILL_AREA_STYLE('',(#2190));
#2105=FILL_AREA_STYLE('',(#2191));
#2106=FILL_AREA_STYLE('',(#2192));
#2107=FILL_AREA_STYLE('',(#2193));
#2108=FILL_AREA_STYLE('',(#2194));
#2109=FILL_AREA_STYLE('',(#2195));
#2110=FILL_AREA_STYLE('',(#2196));
#2111=FILL_AREA_STYLE('',(#2197));
#2112=FILL_AREA_STYLE('',(#2198));
#2113=FILL_AREA_STYLE('',(#2199));
#2114=FILL_AREA_STYLE('',(#2200));
#2115=FILL_AREA_STYLE('',(#2201));
#2116=FILL_AREA_STYLE('',(#2202));
#2117=FILL_AREA_STYLE('',(#2203));
#2118=FILL_AREA_STYLE('',(#2204));
#2119=FILL_AREA_STYLE('',(#2205));
#2120=FILL_AREA_STYLE('',(#2206));
#2121=FILL_AREA_STYLE('',(#2207));
#2122=FILL_AREA_STYLE('',(#2208));
#2123=FILL_AREA_STYLE('',(#2209));
#2124=FILL_AREA_STYLE('',(#2210));
#2125=FILL_AREA_STYLE('',(#2211));
#2126=FILL_AREA_STYLE('',(#2212));
#2127=FILL_AREA_STYLE('',(#2213));
#2128=FILL_AREA_STYLE('',(#2214));
#2129=FILL_AREA_STYLE('',(#2215));
#2130=FILL_AREA_STYLE('',(#2216));
#2131=FILL_AREA_STYLE('',(#2217));
#2132=FILL_AREA_STYLE('',(#2218));
#2133=FILL_AREA_STYLE('',(#2219));
#2134=FILL_AREA_STYLE('',(#2220));
#2135=FILL_AREA_STYLE('',(#2221));
#2136=FILL_AREA_STYLE('',(#2222));
#2137=FILL_AREA_STYLE('',(#2223));
#2138=FILL_AREA_STYLE('',(#2224));
#2139=FILL_AREA_STYLE('',(#2225));
#2140=FILL_AREA_STYLE('',(#2226));
#2141=FILL_AREA_STYLE('',(#2227));
#2142=FILL_AREA_STYLE('',(#2228));
#2143=FILL_AREA_STYLE('',(#2229));
#2144=FILL_AREA_STYLE('',(#2230));
#2145=FILL_AREA_STYLE('',(#2231));
#2146=FILL_AREA_STYLE('',(#2232));
#2147=FILL_AREA_STYLE('',(#2233));
#2148=FILL_AREA_STYLE('',(#2234));
#2149=FILL_AREA_STYLE('',(#2235));
#2150=FILL_AREA_STYLE('',(#2236));
#2151=FILL_AREA_STYLE('',(#2237));
#2152=FILL_AREA_STYLE('',(#2238));
#2153=FILL_AREA_STYLE('',(#2239));
#2154=FILL_AREA_STYLE('',(#2240));
#2155=FILL_AREA_STYLE('',(#2241));
#2156=FILL_AREA_STYLE('',(#2242));
#2157=FILL_AREA_STYLE('',(#2243));
#2158=FILL_AREA_STYLE('',(#2244));
#2159=FILL_AREA_STYLE('',(#2245));
#2160=FILL_AREA_STYLE('',(#2246));
#2161=FILL_AREA_STYLE('',(#2247));
#2162=FILL_AREA_STYLE('',(#2248));
#2163=FILL_AREA_STYLE('',(#2249));
#2164=FILL_AREA_STYLE('',(#2250));
#2165=FILL_AREA_STYLE('',(#2251));
#2166=FILL_AREA_STYLE('',(#2252));
#2167=FILL_AREA_STYLE('',(#2253));
#2168=FILL_AREA_STYLE('',(#2254));
#2169=FILL_AREA_STYLE('',(#2255));
#2170=FILL_AREA_STYLE('',(#2256));
#2171=FILL_AREA_STYLE('',(#2257));
#2172=FILL_AREA_STYLE('',(#2258));
#2173=FILL_AREA_STYLE('',(#2259));
#2174=FILL_AREA_STYLE('',(#2260));
#2175=FILL_AREA_STYLE('',(#2261));
#2176=FILL_AREA_STYLE('',(#2262));
#2177=FILL_AREA_STYLE('',(#2263));
#2178=FILL_AREA_STYLE('',(#2264));
#2179=FILL_AREA_STYLE('',(#2265));
#2180=FILL_AREA_STYLE('',(#2266));
#2181=FILL_AREA_STYLE('',(#2267));
#2182=FILL_AREA_STYLE('',(#2268));
#2183=FILL_AREA_STYLE('',(#2269));
#2184=FILL_AREA_STYLE('',(#2270));
#2185=FILL_AREA_STYLE('',(#2271));
#2186=FILL_AREA_STYLE('',(#2272));
#2187=FILL_AREA_STYLE_COLOUR('',#2273);
#2188=FILL_AREA_STYLE_COLOUR('',#2273);
#2189=FILL_AREA_STYLE_COLOUR('',#2273);
#2190=FILL_AREA_STYLE_COLOUR('',#2273);
#2191=FILL_AREA_STYLE_COLOUR('',#2273);
#2192=FILL_AREA_STYLE_COLOUR('',#2273);
#2193=FILL_AREA_STYLE_COLOUR('',#2274);
#2194=FILL_AREA_STYLE_COLOUR('',#2274);
#2195=FILL_AREA_STYLE_COLOUR('',#2274);
#2196=FILL_AREA_STYLE_COLOUR('',#2274);
#2197=FILL_AREA_STYLE_COLOUR('',#2274);
#2198=FILL_AREA_STYLE_COLOUR('',#2274);
#2199=FILL_AREA_STYLE_COLOUR('',#2274);
#2200=FILL_AREA_STYLE_COLOUR('',#2274);
#2201=FILL_AREA_STYLE_COLOUR('',#2274);
#2202=FILL_AREA_STYLE_COLOUR('',#2274);
#2203=FILL_AREA_STYLE_COLOUR('',#2274);
#2204=FILL_AREA_STYLE_COLOUR('',#2274);
#2205=FILL_AREA_STYLE_COLOUR('',#2274);
#2206=FILL_AREA_STYLE_COLOUR('',#2274);
#2207=FILL_AREA_STYLE_COLOUR('',#2274);
#2208=FILL_AREA_STYLE_COLOUR('',#2274);
#2209=FILL_AREA_STYLE_COLOUR('',#2274);
#2210=FILL_AREA_STYLE_COLOUR('',#2274);
#2211=FILL_AREA_STYLE_COLOUR('',#2274);
#2212=FILL_AREA_STYLE_COLOUR('',#2274);
#2213=FILL_AREA_STYLE_COLOUR('',#2274);
#2214=FILL_AREA_STYLE_COLOUR('',#2274);
#2215=FILL_AREA_STYLE_COLOUR('',#2274);
#2216=FILL_AREA_STYLE_COLOUR('',#2274);
#2217=FILL_AREA_STYLE_COLOUR('',#2274);
#2218=FILL_AREA_STYLE_COLOUR('',#2274);
#2219=FILL_AREA_STYLE_COLOUR('',#2274);
#2220=FILL_AREA_STYLE_COLOUR('',#2274);
#2221=FILL_AREA_STYLE_COLOUR('',#2274);
#2222=FILL_AREA_STYLE_COLOUR('',#2274);
#2223=FILL_AREA_STYLE_COLOUR('',#2274);
#2224=FILL_AREA_STYLE_COLOUR('',#2274);
#2225=FILL_AREA_STYLE_COLOUR('',#2274);
#2226=FILL_AREA_STYLE_COLOUR('',#2274);
#2227=FILL_AREA_STYLE_COLOUR('',#2274);
#2228=FILL_AREA_STYLE_COLOUR('',#2274);
#2229=FILL_AREA_STYLE_COLOUR('',#2274);
#2230=FILL_AREA_STYLE_COLOUR('',#2274);
#2231=FILL_AREA_STYLE_COLOUR('',#2274);
#2232=FILL_AREA_STYLE_COLOUR('',#2274);
#2233=FILL_AREA_STYLE_COLOUR('',#2274);
#2234=FILL_AREA_STYLE_COLOUR('',#2274);
#2235=FILL_AREA_STYLE_COLOUR('',#2274);
#2236=FILL_AREA_STYLE_COLOUR('',#2274);
#2237=FILL_AREA_STYLE_COLOUR('',#2274);
#2238=FILL_AREA_STYLE_COLOUR('',#2274);
#2239=FILL_AREA_STYLE_COLOUR('',#2274);
#2240=FILL_AREA_STYLE_COLOUR('',#2274);
#2241=FILL_AREA_STYLE_COLOUR('',#2274);
#2242=FILL_AREA_STYLE_COLOUR('',#2274);
#2243=FILL_AREA_STYLE_COLOUR('',#2274);
#2244=FILL_AREA_STYLE_COLOUR('',#2274);
#2245=FILL_AREA_STYLE_COLOUR('',#2274);
#2246=FILL_AREA_STYLE_COLOUR('',#2274);
#2247=FILL_AREA_STYLE_COLOUR('',#2274);
#2248=FILL_AREA_STYLE_COLOUR('',#2274);
#2249=FILL_AREA_STYLE_COLOUR('',#2274);
#2250=FILL_AREA_STYLE_COLOUR('',#2274);
#2251=FILL_AREA_STYLE_COLOUR('',#2274);
#2252=FILL_AREA_STYLE_COLOUR('',#2274);
#2253=FILL_AREA_STYLE_COLOUR('',#2274);
#2254=FILL_AREA_STYLE_COLOUR('',#2274);
#2255=FILL_AREA_STYLE_COLOUR('',#2274);
#2256=FILL_AREA_STYLE_COLOUR('',#2274);
#2257=FILL_AREA_STYLE_COLOUR('',#2274);
#2258=FILL_AREA_STYLE_COLOUR('',#2274);
#2259=FILL_AREA_STYLE_COLOUR('',#2274);
#2260=FILL_AREA_STYLE_COLOUR('',#2274);
#2261=FILL_AREA_STYLE_COLOUR('',#2274);
#2262=FILL_AREA_STYLE_COLOUR('',#2274);
#2263=FILL_AREA_STYLE_COLOUR('',#2274);
#2264=FILL_AREA_STYLE_COLOUR('',#2274);
#2265=FILL_AREA_STYLE_COLOUR('',#2274);
#2266=FILL_AREA_STYLE_COLOUR('',#2274);
#2267=FILL_AREA_STYLE_COLOUR('',#2274);
#2268=FILL_AREA_STYLE_COLOUR('',#2274);
#2269=FILL_AREA_STYLE_COLOUR('',#2274);
#2270=FILL_AREA_STYLE_COLOUR('',#2274);
#2271=FILL_AREA_STYLE_COLOUR('',#2273);
#2272=FILL_AREA_STYLE_COLOUR('',#2273);
#2273=COLOUR_RGB('',0.200000002980232,0.200000002980232,0.200000002980232);
#2274=COLOUR_RGB('',0.699999988079071,0.699999988079071,0.699999988079071);
#2275=ADVANCED_FACE('',(#1497),#1586,.T.);
#2276=ADVANCED_FACE('',(#1498,#1499),#1587,.F.);
#2277=ADVANCED_FACE('',(#1500),#1588,.T.);
#2278=ADVANCED_FACE('',(#1501),#1589,.T.);
#2279=ADVANCED_FACE('',(#1502),#1590,.T.);
#2280=ADVANCED_FACE('',(#1503,#1504),#1591,.T.);
#2281=ADVANCED_FACE('',(#1505),#1592,.T.);
#2282=ADVANCED_FACE('',(#1506),#1593,.F.);
#2283=ADVANCED_FACE('',(#1507),#1594,.F.);
#2284=ADVANCED_FACE('',(#1508),#1595,.F.);
#2285=ADVANCED_FACE('',(#1509),#1596,.F.);
#2286=ADVANCED_FACE('',(#1510),#1597,.F.);
#2287=ADVANCED_FACE('',(#1511),#1598,.T.);
#2288=ADVANCED_FACE('',(#1512),#1599,.T.);
#2289=ADVANCED_FACE('',(#1513),#1600,.T.);
#2290=ADVANCED_FACE('',(#1514),#1601,.F.);
#2291=ADVANCED_FACE('',(#1515),#1602,.T.);
#2292=ADVANCED_FACE('',(#1516),#1603,.T.);
#2293=ADVANCED_FACE('',(#1517),#1604,.T.);
#2294=ADVANCED_FACE('',(#1518),#1605,.F.);
#2295=ADVANCED_FACE('',(#1519),#1606,.T.);
#2296=ADVANCED_FACE('',(#1520),#1607,.T.);
#2297=ADVANCED_FACE('',(#1521),#1608,.T.);
#2298=ADVANCED_FACE('',(#1522),#1609,.F.);
#2299=ADVANCED_FACE('',(#1523),#1610,.T.);
#2300=ADVANCED_FACE('',(#1524),#1611,.T.);
#2301=ADVANCED_FACE('',(#1525),#1612,.T.);
#2302=ADVANCED_FACE('',(#1526),#1613,.F.);
#2303=ADVANCED_FACE('',(#1527),#1614,.T.);
#2304=ADVANCED_FACE('',(#1528),#1615,.T.);
#2305=ADVANCED_FACE('',(#1529),#1616,.T.);
#2306=ADVANCED_FACE('',(#1530),#1617,.F.);
#2307=ADVANCED_FACE('',(#1531),#1618,.T.);
#2308=ADVANCED_FACE('',(#1532),#1619,.T.);
#2309=ADVANCED_FACE('',(#1533),#1620,.T.);
#2310=ADVANCED_FACE('',(#1534),#1621,.F.);
#2311=ADVANCED_FACE('',(#1535),#1622,.T.);
#2312=ADVANCED_FACE('',(#1536),#1623,.T.);
#2313=ADVANCED_FACE('',(#1537),#1624,.T.);
#2314=ADVANCED_FACE('',(#1538),#1625,.F.);
#2315=ADVANCED_FACE('',(#1539),#1626,.T.);
#2316=ADVANCED_FACE('',(#1540),#1627,.T.);
#2317=ADVANCED_FACE('',(#1541),#1628,.T.);
#2318=ADVANCED_FACE('',(#1542),#1629,.F.);
#2319=ADVANCED_FACE('',(#1543),#1630,.T.);
#2320=ADVANCED_FACE('',(#1544),#1631,.T.);
#2321=ADVANCED_FACE('',(#1545),#1632,.T.);
#2322=ADVANCED_FACE('',(#1546),#1633,.F.);
#2323=ADVANCED_FACE('',(#1547),#1634,.T.);
#2324=ADVANCED_FACE('',(#1548),#1635,.T.);
#2325=ADVANCED_FACE('',(#1549),#1636,.T.);
#2326=ADVANCED_FACE('',(#1550),#1637,.F.);
#2327=ADVANCED_FACE('',(#1551),#1638,.T.);
#2328=ADVANCED_FACE('',(#1552),#1639,.T.);
#2329=ADVANCED_FACE('',(#1553),#1640,.T.);
#2330=ADVANCED_FACE('',(#1554),#1641,.F.);
#2331=ADVANCED_FACE('',(#1555),#1642,.T.);
#2332=ADVANCED_FACE('',(#1556),#1643,.T.);
#2333=ADVANCED_FACE('',(#1557),#1644,.T.);
#2334=ADVANCED_FACE('',(#1558),#1645,.F.);
#2335=ADVANCED_FACE('',(#1559),#1646,.F.);
#2336=ADVANCED_FACE('',(#1560),#1647,.T.);
#2337=ADVANCED_FACE('',(#1561),#1648,.F.);
#2338=ADVANCED_FACE('',(#1562),#1649,.T.);
#2339=ADVANCED_FACE('',(#1563),#1650,.F.);
#2340=ADVANCED_FACE('',(#1564),#1651,.T.);
#2341=ADVANCED_FACE('',(#1565),#1652,.F.);
#2342=ADVANCED_FACE('',(#1566),#1653,.T.);
#2343=ADVANCED_FACE('',(#1567),#1654,.F.);
#2344=ADVANCED_FACE('',(#1568),#1655,.T.);
#2345=ADVANCED_FACE('',(#1569),#1656,.F.);
#2346=ADVANCED_FACE('',(#1570),#1657,.T.);
#2347=ADVANCED_FACE('',(#1571),#1658,.T.);
#2348=ADVANCED_FACE('',(#1572),#1659,.F.);
#2349=ADVANCED_FACE('',(#1573),#1660,.T.);
#2350=ADVANCED_FACE('',(#1574),#1661,.F.);
#2351=ADVANCED_FACE('',(#1575),#1662,.T.);
#2352=ADVANCED_FACE('',(#1576),#1663,.F.);
#2353=ADVANCED_FACE('',(#1577),#1664,.T.);
#2354=ADVANCED_FACE('',(#1578),#1665,.F.);
#2355=ADVANCED_FACE('',(#1579),#1666,.T.);
#2356=ADVANCED_FACE('',(#1580),#1667,.F.);
#2357=ADVANCED_FACE('',(#1581),#1668,.T.);
#2358=ADVANCED_FACE('',(#1582),#1669,.F.);
#2359=ADVANCED_FACE('',(#1583,#1584),#20,.F.);
#2360=ADVANCED_FACE('',(#1585),#1670,.F.);
#2361=CLOSED_SHELL('',(#2275,#2276,#2277,#2278,#2279,#2280,#2281,#2282,
#2283,#2284,#2285,#2286,#2287,#2288,#2289,#2290,#2291,#2292,#2293,#2294,
#2295,#2296,#2297,#2298,#2299,#2300,#2301,#2302,#2303,#2304,#2305,#2306,
#2307,#2308,#2309,#2310,#2311,#2312,#2313,#2314,#2315,#2316,#2317,#2318,
#2319,#2320,#2321,#2322,#2323,#2324,#2325,#2326,#2327,#2328,#2329,#2330,
#2331,#2332,#2333,#2334,#2335,#2336,#2337,#2338,#2339,#2340,#2341,#2342,
#2343,#2344,#2345,#2346,#2347,#2348,#2349,#2350,#2351,#2352,#2353,#2354,
#2355,#2356,#2357,#2358,#2359,#2360));
#2362=MANIFOLD_SOLID_BREP('',#2361);
#2363=SHAPE_DEFINITION_REPRESENTATION(#3377,#2364);
#2364=SHAPE_REPRESENTATION('MAX22502EATC+T',(#2365),#3372);
#2365=AXIS2_PLACEMENT_3D('',#2875,#2454,#2455);
#2366=AXIS2_PLACEMENT_3D('',#2876,#2456,#2457);
#2367=AXIS2_PLACEMENT_3D('',#2933,#2486,#2487);
#2368=AXIS2_PLACEMENT_3D('',#3027,#2538,#2539);
#2369=AXIS2_PLACEMENT_3D('',#3063,#2561,#2562);
#2370=AXIS2_PLACEMENT_3D('',#3065,#2564,#2565);
#2371=AXIS2_PLACEMENT_3D('',#3067,#2567,#2568);
#2372=AXIS2_PLACEMENT_3D('',#3068,#2569,#2570);
#2373=AXIS2_PLACEMENT_3D('',#3070,#2571,#2572);
#2374=AXIS2_PLACEMENT_3D('',#3081,#2578,#2579);
#2375=AXIS2_PLACEMENT_3D('',#3084,#2582,#2583);
#2376=AXIS2_PLACEMENT_3D('',#3087,#2586,#2587);
#2377=AXIS2_PLACEMENT_3D('',#3089,#2589,#2590);
#2378=AXIS2_PLACEMENT_3D('',#3090,#2591,#2592);
#2379=AXIS2_PLACEMENT_3D('',#3099,#2597,#2598);
#2380=AXIS2_PLACEMENT_3D('',#3104,#2602,#2603);
#2381=AXIS2_PLACEMENT_3D('',#3106,#2605,#2606);
#2382=AXIS2_PLACEMENT_3D('',#3110,#2609,#2610);
#2383=AXIS2_PLACEMENT_3D('',#3119,#2615,#2616);
#2384=AXIS2_PLACEMENT_3D('',#3124,#2620,#2621);
#2385=AXIS2_PLACEMENT_3D('',#3129,#2625,#2626);
#2386=AXIS2_PLACEMENT_3D('',#3130,#2627,#2628);
#2387=AXIS2_PLACEMENT_3D('',#3139,#2633,#2634);
#2388=AXIS2_PLACEMENT_3D('',#3144,#2638,#2639);
#2389=AXIS2_PLACEMENT_3D('',#3146,#2641,#2642);
#2390=AXIS2_PLACEMENT_3D('',#3150,#2645,#2646);
#2391=AXIS2_PLACEMENT_3D('',#3159,#2651,#2652);
#2392=AXIS2_PLACEMENT_3D('',#3164,#2656,#2657);
#2393=AXIS2_PLACEMENT_3D('',#3166,#2659,#2660);
#2394=AXIS2_PLACEMENT_3D('',#3170,#2663,#2664);
#2395=AXIS2_PLACEMENT_3D('',#3179,#2669,#2670);
#2396=AXIS2_PLACEMENT_3D('',#3184,#2674,#2675);
#2397=AXIS2_PLACEMENT_3D('',#3189,#2679,#2680);
#2398=AXIS2_PLACEMENT_3D('',#3190,#2681,#2682);
#2399=AXIS2_PLACEMENT_3D('',#3199,#2687,#2688);
#2400=AXIS2_PLACEMENT_3D('',#3204,#2692,#2693);
#2401=AXIS2_PLACEMENT_3D('',#3206,#2695,#2696);
#2402=AXIS2_PLACEMENT_3D('',#3210,#2699,#2700);
#2403=AXIS2_PLACEMENT_3D('',#3219,#2705,#2706);
#2404=AXIS2_PLACEMENT_3D('',#3224,#2710,#2711);
#2405=AXIS2_PLACEMENT_3D('',#3226,#2713,#2714);
#2406=AXIS2_PLACEMENT_3D('',#3230,#2717,#2718);
#2407=AXIS2_PLACEMENT_3D('',#3239,#2723,#2724);
#2408=AXIS2_PLACEMENT_3D('',#3244,#2728,#2729);
#2409=AXIS2_PLACEMENT_3D('',#3246,#2731,#2732);
#2410=AXIS2_PLACEMENT_3D('',#3250,#2735,#2736);
#2411=AXIS2_PLACEMENT_3D('',#3259,#2741,#2742);
#2412=AXIS2_PLACEMENT_3D('',#3264,#2746,#2747);
#2413=AXIS2_PLACEMENT_3D('',#3269,#2751,#2752);
#2414=AXIS2_PLACEMENT_3D('',#3270,#2753,#2754);
#2415=AXIS2_PLACEMENT_3D('',#3279,#2759,#2760);
#2416=AXIS2_PLACEMENT_3D('',#3284,#2764,#2765);
#2417=AXIS2_PLACEMENT_3D('',#3289,#2769,#2770);
#2418=AXIS2_PLACEMENT_3D('',#3290,#2771,#2772);
#2419=AXIS2_PLACEMENT_3D('',#3299,#2777,#2778);
#2420=AXIS2_PLACEMENT_3D('',#3304,#2782,#2783);
#2421=AXIS2_PLACEMENT_3D('',#3306,#2785,#2786);
#2422=AXIS2_PLACEMENT_3D('',#3310,#2789,#2790);
#2423=AXIS2_PLACEMENT_3D('',#3319,#2795,#2796);
#2424=AXIS2_PLACEMENT_3D('',#3324,#2800,#2801);
#2425=AXIS2_PLACEMENT_3D('',#3329,#2805,#2806);
#2426=AXIS2_PLACEMENT_3D('',#3330,#2807,#2808);
#2427=AXIS2_PLACEMENT_3D('',#3331,#2809,#2810);
#2428=AXIS2_PLACEMENT_3D('',#3333,#2812,#2813);
#2429=AXIS2_PLACEMENT_3D('',#3334,#2814,#2815);
#2430=AXIS2_PLACEMENT_3D('',#3336,#2817,#2818);
#2431=AXIS2_PLACEMENT_3D('',#3337,#2819,#2820);
#2432=AXIS2_PLACEMENT_3D('',#3339,#2822,#2823);
#2433=AXIS2_PLACEMENT_3D('',#3340,#2824,#2825);
#2434=AXIS2_PLACEMENT_3D('',#3342,#2827,#2828);
#2435=AXIS2_PLACEMENT_3D('',#3343,#2829,#2830);
#2436=AXIS2_PLACEMENT_3D('',#3345,#2832,#2833);
#2437=AXIS2_PLACEMENT_3D('',#3346,#2834,#2835);
#2438=AXIS2_PLACEMENT_3D('',#3348,#2837,#2838);
#2439=AXIS2_PLACEMENT_3D('',#3349,#2839,#2840);
#2440=AXIS2_PLACEMENT_3D('',#3351,#2842,#2843);
#2441=AXIS2_PLACEMENT_3D('',#3352,#2844,#2845);
#2442=AXIS2_PLACEMENT_3D('',#3354,#2847,#2848);
#2443=AXIS2_PLACEMENT_3D('',#3355,#2849,#2850);
#2444=AXIS2_PLACEMENT_3D('',#3357,#2852,#2853);
#2445=AXIS2_PLACEMENT_3D('',#3358,#2854,#2855);
#2446=AXIS2_PLACEMENT_3D('',#3360,#2857,#2858);
#2447=AXIS2_PLACEMENT_3D('',#3361,#2859,#2860);
#2448=AXIS2_PLACEMENT_3D('',#3363,#2862,#2863);
#2449=AXIS2_PLACEMENT_3D('',#3364,#2864,#2865);
#2450=AXIS2_PLACEMENT_3D('',#3366,#2867,#2868);
#2451=AXIS2_PLACEMENT_3D('',#3367,#2869,#2870);
#2452=AXIS2_PLACEMENT_3D('',#3368,#2871,#2872);
#2453=AXIS2_PLACEMENT_3D('',#3370,#2873,#2874);
#2454=DIRECTION('',(0.,0.,1.));
#2455=DIRECTION('',(1.,0.,0.));
#2456=DIRECTION('',(0.,1.,0.));
#2457=DIRECTION('',(0.,0.,1.));
#2458=DIRECTION('',(-1.,0.,0.));
#2459=DIRECTION('',(1.12937726300573E-15,0.,1.));
#2460=DIRECTION('',(-1.,0.,-2.6020852139652E-15));
#2461=DIRECTION('',(1.54886024640784E-15,0.,-1.));
#2462=DIRECTION('',(-1.,0.,0.));
#2463=DIRECTION('',(1.29071687200655E-15,0.,1.));
#2464=DIRECTION('',(-1.,0.,-2.6020852139652E-15));
#2465=DIRECTION('',(0.,0.,-1.));
#2466=DIRECTION('',(-1.,0.,0.));
#2467=DIRECTION('',(1.29071687200655E-15,0.,1.));
#2468=DIRECTION('',(-1.,0.,-2.6020852139652E-15));
#2469=DIRECTION('',(0.,0.,-1.));
#2470=DIRECTION('',(-1.,0.,0.));
#2471=DIRECTION('',(0.,0.,1.));
#2472=DIRECTION('',(-1.,0.,0.));
#2473=DIRECTION('',(0.,0.,1.));
#2474=DIRECTION('',(-1.,0.,0.));
#2475=DIRECTION('',(1.29071687200655E-15,0.,1.));
#2476=DIRECTION('',(-1.,0.,8.67361737988401E-16));
#2477=DIRECTION('',(6.19544098563138E-15,0.,-1.));
#2478=DIRECTION('',(-1.,0.,0.));
#2479=DIRECTION('',(1.29071687200655E-15,0.,1.));
#2480=DIRECTION('',(-1.,0.,-2.6020852139652E-15));
#2481=DIRECTION('',(3.09772049281569E-15,0.,-1.));
#2482=DIRECTION('',(-1.,0.,0.));
#2483=DIRECTION('',(9.68037654004915E-16,0.,1.));
#2484=DIRECTION('',(-1.,0.,-2.6020852139652E-15));
#2485=DIRECTION('',(1.54886024640784E-15,0.,-1.));
#2486=DIRECTION('',(0.,0.,1.));
#2487=DIRECTION('',(1.,0.,0.));
#2488=DIRECTION('',(-1.,0.,0.));
#2489=DIRECTION('',(0.,-1.,0.));
#2490=DIRECTION('',(1.,0.,0.));
#2491=DIRECTION('',(5.42101086242752E-16,1.,0.));
#2492=DIRECTION('',(-1.,0.,0.));
#2493=DIRECTION('',(0.,-1.,0.));
#2494=DIRECTION('',(1.,0.,0.));
#2495=DIRECTION('',(0.,-1.,0.));
#2496=DIRECTION('',(0.,-1.,0.));
#2497=DIRECTION('',(1.,0.,0.));
#2498=DIRECTION('',(-5.42101086242752E-16,1.,0.));
#2499=DIRECTION('',(0.,-1.,0.));
#2500=DIRECTION('',(1.,0.,0.));
#2501=DIRECTION('',(0.,1.,0.));
#2502=DIRECTION('',(0.,-1.,0.));
#2503=DIRECTION('',(1.,0.,0.));
#2504=DIRECTION('',(0.,1.,0.));
#2505=DIRECTION('',(0.,-1.,0.));
#2506=DIRECTION('',(1.,0.,0.));
#2507=DIRECTION('',(0.,1.,0.));
#2508=DIRECTION('',(0.,-1.,0.));
#2509=DIRECTION('',(1.,0.,0.));
#2510=DIRECTION('',(0.,1.,0.));
#2511=DIRECTION('',(0.,-1.,0.));
#2512=DIRECTION('',(1.,0.,0.));
#2513=DIRECTION('',(0.,1.,0.));
#2514=DIRECTION('',(0.,1.,0.));
#2515=DIRECTION('',(1.,0.,0.));
#2516=DIRECTION('',(0.,1.,0.));
#2517=DIRECTION('',(-1.,0.,0.));
#2518=DIRECTION('',(0.,-1.,0.));
#2519=DIRECTION('',(1.,0.,0.));
#2520=DIRECTION('',(0.,1.,0.));
#2521=DIRECTION('',(-1.,0.,0.));
#2522=DIRECTION('',(0.,-1.,0.));
#2523=DIRECTION('',(1.,0.,0.));
#2524=DIRECTION('',(0.,1.,0.));
#2525=DIRECTION('',(-1.,0.,0.));
#2526=DIRECTION('',(0.,-1.,0.));
#2527=DIRECTION('',(1.,0.,0.));
#2528=DIRECTION('',(0.,1.,0.));
#2529=DIRECTION('',(-1.,0.,0.));
#2530=DIRECTION('',(0.,-1.,0.));
#2531=DIRECTION('',(1.,0.,0.));
#2532=DIRECTION('',(0.,1.,0.));
#2533=DIRECTION('',(1.,0.,0.));
#2534=DIRECTION('',(0.,1.,0.));
#2535=DIRECTION('',(-1.,0.,0.));
#2536=DIRECTION('',(0.,-1.,0.));
#2537=DIRECTION('',(0.707106781186548,-0.707106781186547,0.));
#2538=DIRECTION('',(0.,-1.,0.));
#2539=DIRECTION('',(0.,0.,-1.));
#2540=DIRECTION('',(6.19544098563138E-15,0.,-1.));
#2541=DIRECTION('',(-1.,0.,-8.67361737988401E-16));
#2542=DIRECTION('',(1.29071687200655E-15,0.,1.));
#2543=DIRECTION('',(0.,0.,1.));
#2544=DIRECTION('',(1.,0.,0.));
#2545=DIRECTION('',(0.,0.,1.));
#2546=DIRECTION('',(6.1954409856314E-15,0.,-1.));
#2547=DIRECTION('',(-1.,0.,-8.67361737988401E-16));
#2548=DIRECTION('',(1.29071687200655E-15,0.,1.));
#2549=DIRECTION('',(3.22679218001639E-15,0.,-1.));
#2550=DIRECTION('',(-1.,0.,-8.67361737988401E-16));
#2551=DIRECTION('',(1.29071687200655E-15,0.,1.));
#2552=DIRECTION('',(3.22679218001639E-15,0.,-1.));
#2553=DIRECTION('',(-1.,0.,-8.67361737988401E-16));
#2554=DIRECTION('',(1.29071687200655E-15,0.,1.));
#2555=DIRECTION('',(3.22679218001639E-15,0.,-1.));
#2556=DIRECTION('',(-1.,0.,-8.67361737988401E-16));
#2557=DIRECTION('',(1.29071687200655E-15,0.,1.));
#2558=DIRECTION('',(3.22679218001639E-15,0.,-1.));
#2559=DIRECTION('',(-1.,0.,-8.67361737988401E-16));
#2560=DIRECTION('',(1.29071687200655E-15,0.,1.));
#2561=DIRECTION('',(1.,0.,0.));
#2562=DIRECTION('',(0.,0.,-1.));
#2563=DIRECTION('',(0.,1.,0.));
#2564=DIRECTION('',(-1.,0.,0.));
#2565=DIRECTION('',(0.,0.,1.));
#2566=DIRECTION('',(0.,-1.,0.));
#2567=DIRECTION('',(0.,0.,1.));
#2568=DIRECTION('',(1.,0.,0.));
#2569=DIRECTION('',(0.,0.,-1.));
#2570=DIRECTION('',(-1.,0.,0.));
#2571=DIRECTION('',(0.,0.,-1.));
#2572=DIRECTION('',(-1.,0.,0.));
#2573=DIRECTION('',(1.,0.,0.));
#2574=DIRECTION('',(-0.707106781186548,0.707106781186547,0.));
#2575=DIRECTION('',(0.,-1.,0.));
#2576=DIRECTION('',(-1.,0.,0.));
#2577=DIRECTION('',(0.,1.,0.));
#2578=DIRECTION('',(0.,-1.,0.));
#2579=DIRECTION('',(0.,0.,-1.));
#2580=DIRECTION('',(0.,0.,-1.));
#2581=DIRECTION('',(0.,0.,1.));
#2582=DIRECTION('',(-1.,0.,0.));
#2583=DIRECTION('',(0.,0.,1.));
#2584=DIRECTION('',(0.,0.,1.));
#2585=DIRECTION('',(0.,0.,1.));
#2586=DIRECTION('',(0.,1.,0.));
#2587=DIRECTION('',(0.,0.,1.));
#2588=DIRECTION('',(0.,0.,1.));
#2589=DIRECTION('',(1.,0.,0.));
#2590=DIRECTION('',(0.,0.,-1.));
#2591=DIRECTION('',(0.,0.,1.));
#2592=DIRECTION('',(1.,0.,0.));
#2593=DIRECTION('',(0.,-1.,0.));
#2594=DIRECTION('',(-1.,0.,0.));
#2595=DIRECTION('',(5.42101086242752E-16,1.,0.));
#2596=DIRECTION('',(1.,0.,1.30104260698261E-15));
#2597=DIRECTION('',(1.,-5.42101086242752E-16,0.));
#2598=DIRECTION('',(5.42101086242752E-16,1.,0.));
#2599=DIRECTION('',(0.,1.,0.));
#2600=DIRECTION('',(1.29071687200655E-15,0.,1.));
#2601=DIRECTION('',(0.,0.,1.));
#2602=DIRECTION('',(0.,1.,0.));
#2603=DIRECTION('',(0.,0.,1.));
#2604=DIRECTION('',(0.,0.,1.));
#2605=DIRECTION('',(-1.,0.,0.));
#2606=DIRECTION('',(0.,0.,1.));
#2607=DIRECTION('',(6.1954409856314E-15,0.,-1.));
#2608=DIRECTION('',(0.,1.,0.));
#2609=DIRECTION('',(0.,0.,1.));
#2610=DIRECTION('',(1.,0.,0.));
#2611=DIRECTION('',(0.,-1.,0.));
#2612=DIRECTION('',(-1.,0.,0.));
#2613=DIRECTION('',(0.,1.,0.));
#2614=DIRECTION('',(1.,0.,1.30104260698261E-15));
#2615=DIRECTION('',(-1.,0.,0.));
#2616=DIRECTION('',(0.,0.,1.));
#2617=DIRECTION('',(0.,0.,1.));
#2618=DIRECTION('',(3.22679218001639E-15,0.,-1.));
#2619=DIRECTION('',(0.,1.,0.));
#2620=DIRECTION('',(1.,0.,0.));
#2621=DIRECTION('',(0.,0.,-1.));
#2622=DIRECTION('',(0.,1.,0.));
#2623=DIRECTION('',(1.29071687200655E-15,0.,1.));
#2624=DIRECTION('',(0.,0.,1.));
#2625=DIRECTION('',(0.,1.,0.));
#2626=DIRECTION('',(0.,0.,1.));
#2627=DIRECTION('',(0.,0.,1.));
#2628=DIRECTION('',(1.,0.,0.));
#2629=DIRECTION('',(0.,1.,0.));
#2630=DIRECTION('',(1.,0.,1.30104260698261E-15));
#2631=DIRECTION('',(0.,-1.,0.));
#2632=DIRECTION('',(-1.,0.,0.));
#2633=DIRECTION('',(1.,0.,0.));
#2634=DIRECTION('',(0.,0.,-1.));
#2635=DIRECTION('',(0.,1.,0.));
#2636=DIRECTION('',(1.29071687200655E-15,0.,1.));
#2637=DIRECTION('',(0.,0.,1.));
#2638=DIRECTION('',(0.,1.,0.));
#2639=DIRECTION('',(0.,0.,1.));
#2640=DIRECTION('',(0.,0.,1.));
#2641=DIRECTION('',(-1.,0.,0.));
#2642=DIRECTION('',(0.,0.,1.));
#2643=DIRECTION('',(3.22679218001639E-15,0.,-1.));
#2644=DIRECTION('',(0.,1.,0.));
#2645=DIRECTION('',(0.,0.,1.));
#2646=DIRECTION('',(1.,0.,0.));
#2647=DIRECTION('',(0.,1.,0.));
#2648=DIRECTION('',(1.,0.,1.30104260698261E-15));
#2649=DIRECTION('',(0.,-1.,0.));
#2650=DIRECTION('',(-1.,0.,0.));
#2651=DIRECTION('',(1.,0.,0.));
#2652=DIRECTION('',(0.,0.,-1.));
#2653=DIRECTION('',(0.,1.,0.));
#2654=DIRECTION('',(0.,0.,1.));
#2655=DIRECTION('',(0.,0.,1.));
#2656=DIRECTION('',(0.,1.,0.));
#2657=DIRECTION('',(0.,0.,1.));
#2658=DIRECTION('',(0.,0.,1.));
#2659=DIRECTION('',(-1.,0.,0.));
#2660=DIRECTION('',(0.,0.,1.));
#2661=DIRECTION('',(2.58143374401311E-15,0.,-1.));
#2662=DIRECTION('',(0.,1.,0.));
#2663=DIRECTION('',(0.,0.,1.));
#2664=DIRECTION('',(1.,0.,0.));
#2665=DIRECTION('',(0.,1.,0.));
#2666=DIRECTION('',(1.,0.,0.));
#2667=DIRECTION('',(0.,-1.,0.));
#2668=DIRECTION('',(1.,0.,0.));
#2669=DIRECTION('',(1.,0.,0.));
#2670=DIRECTION('',(0.,0.,-1.));
#2671=DIRECTION('',(0.,0.,1.));
#2672=DIRECTION('',(1.29071687200655E-15,0.,1.));
#2673=DIRECTION('',(0.,-1.,0.));
#2674=DIRECTION('',(-1.,0.,0.));
#2675=DIRECTION('',(0.,0.,1.));
#2676=DIRECTION('',(0.,-1.,0.));
#2677=DIRECTION('',(3.09772049281569E-15,0.,-1.));
#2678=DIRECTION('',(0.,0.,1.));
#2679=DIRECTION('',(0.,-1.,0.));
#2680=DIRECTION('',(0.,0.,-1.));
#2681=DIRECTION('',(0.,0.,1.));
#2682=DIRECTION('',(1.,0.,0.));
#2683=DIRECTION('',(0.,-1.,0.));
#2684=DIRECTION('',(1.,0.,0.));
#2685=DIRECTION('',(0.,1.,0.));
#2686=DIRECTION('',(1.,0.,0.));
#2687=DIRECTION('',(-1.,0.,0.));
#2688=DIRECTION('',(0.,0.,1.));
#2689=DIRECTION('',(0.,-1.,0.));
#2690=DIRECTION('',(1.54886024640784E-15,0.,-1.));
#2691=DIRECTION('',(0.,0.,1.));
#2692=DIRECTION('',(0.,-1.,0.));
#2693=DIRECTION('',(0.,0.,-1.));
#2694=DIRECTION('',(0.,0.,1.));
#2695=DIRECTION('',(1.,0.,0.));
#2696=DIRECTION('',(0.,0.,-1.));
#2697=DIRECTION('',(1.12937726300573E-15,0.,1.));
#2698=DIRECTION('',(0.,-1.,0.));
#2699=DIRECTION('',(0.,0.,1.));
#2700=DIRECTION('',(1.,0.,0.));
#2701=DIRECTION('',(0.,-1.,0.));
#2702=DIRECTION('',(1.,0.,0.));
#2703=DIRECTION('',(-5.42101086242752E-16,1.,0.));
#2704=DIRECTION('',(1.,0.,0.));
#2705=DIRECTION('',(-1.,0.,0.));
#2706=DIRECTION('',(0.,0.,1.));
#2707=DIRECTION('',(0.,-1.,0.));
#2708=DIRECTION('',(0.,0.,-1.));
#2709=DIRECTION('',(0.,0.,1.));
#2710=DIRECTION('',(0.,-1.,0.));
#2711=DIRECTION('',(0.,0.,-1.));
#2712=DIRECTION('',(0.,0.,1.));
#2713=DIRECTION('',(1.,5.42101086242752E-16,0.));
#2714=DIRECTION('',(-5.42101086242752E-16,1.,0.));
#2715=DIRECTION('',(1.29071687200655E-15,0.,1.));
#2716=DIRECTION('',(0.,-1.,0.));
#2717=DIRECTION('',(0.,0.,1.));
#2718=DIRECTION('',(1.,0.,0.));
#2719=DIRECTION('',(0.,-1.,0.));
#2720=DIRECTION('',(1.,0.,0.));
#2721=DIRECTION('',(0.,1.,0.));
#2722=DIRECTION('',(1.,0.,0.));
#2723=DIRECTION('',(-1.,0.,0.));
#2724=DIRECTION('',(0.,0.,1.));
#2725=DIRECTION('',(0.,-1.,0.));
#2726=DIRECTION('',(0.,0.,-1.));
#2727=DIRECTION('',(0.,0.,1.));
#2728=DIRECTION('',(0.,-1.,0.));
#2729=DIRECTION('',(0.,0.,-1.));
#2730=DIRECTION('',(0.,0.,1.));
#2731=DIRECTION('',(1.,0.,0.));
#2732=DIRECTION('',(0.,0.,-1.));
#2733=DIRECTION('',(1.29071687200655E-15,0.,1.));
#2734=DIRECTION('',(0.,-1.,0.));
#2735=DIRECTION('',(0.,0.,1.));
#2736=DIRECTION('',(1.,0.,0.));
#2737=DIRECTION('',(0.,1.,0.));
#2738=DIRECTION('',(1.,0.,0.));
#2739=DIRECTION('',(0.,-1.,0.));
#2740=DIRECTION('',(1.,0.,0.));
#2741=DIRECTION('',(1.,0.,0.));
#2742=DIRECTION('',(0.,0.,-1.));
#2743=DIRECTION('',(0.,0.,1.));
#2744=DIRECTION('',(9.68037654004915E-16,0.,1.));
#2745=DIRECTION('',(0.,-1.,0.));
#2746=DIRECTION('',(-1.,0.,0.));
#2747=DIRECTION('',(0.,0.,1.));
#2748=DIRECTION('',(0.,-1.,0.));
#2749=DIRECTION('',(1.54886024640784E-15,0.,-1.));
#2750=DIRECTION('',(0.,0.,1.));
#2751=DIRECTION('',(0.,-1.,0.));
#2752=DIRECTION('',(0.,0.,-1.));
#2753=DIRECTION('',(0.,0.,1.));
#2754=DIRECTION('',(1.,0.,0.));
#2755=DIRECTION('',(0.,1.,0.));
#2756=DIRECTION('',(1.,0.,0.));
#2757=DIRECTION('',(0.,-1.,0.));
#2758=DIRECTION('',(1.,0.,1.73472347597681E-15));
#2759=DIRECTION('',(1.,0.,0.));
#2760=DIRECTION('',(0.,0.,-1.));
#2761=DIRECTION('',(0.,0.,1.));
#2762=DIRECTION('',(0.,0.,1.));
#2763=DIRECTION('',(0.,-1.,0.));
#2764=DIRECTION('',(-1.,0.,0.));
#2765=DIRECTION('',(0.,0.,1.));
#2766=DIRECTION('',(0.,-1.,0.));
#2767=DIRECTION('',(2.58143374401311E-15,0.,-1.));
#2768=DIRECTION('',(0.,0.,1.));
#2769=DIRECTION('',(0.,-1.,0.));
#2770=DIRECTION('',(0.,0.,-1.));
#2771=DIRECTION('',(0.,0.,1.));
#2772=DIRECTION('',(1.,0.,0.));
#2773=DIRECTION('',(0.,1.,0.));
#2774=DIRECTION('',(1.,0.,1.30104260698261E-15));
#2775=DIRECTION('',(0.,-1.,0.));
#2776=DIRECTION('',(-1.,0.,0.));
#2777=DIRECTION('',(1.,0.,0.));
#2778=DIRECTION('',(0.,0.,-1.));
#2779=DIRECTION('',(0.,1.,0.));
#2780=DIRECTION('',(1.29071687200655E-15,0.,1.));
#2781=DIRECTION('',(0.,0.,1.));
#2782=DIRECTION('',(0.,1.,0.));
#2783=DIRECTION('',(0.,0.,1.));
#2784=DIRECTION('',(0.,0.,1.));
#2785=DIRECTION('',(-1.,0.,0.));
#2786=DIRECTION('',(0.,0.,1.));
#2787=DIRECTION('',(3.22679218001639E-15,0.,-1.));
#2788=DIRECTION('',(0.,1.,0.));
#2789=DIRECTION('',(0.,0.,1.));
#2790=DIRECTION('',(1.,0.,0.));
#2791=DIRECTION('',(0.,-1.,0.));
#2792=DIRECTION('',(-1.,0.,0.));
#2793=DIRECTION('',(0.,1.,0.));
#2794=DIRECTION('',(1.,0.,1.30104260698261E-15));
#2795=DIRECTION('',(-1.,0.,0.));
#2796=DIRECTION('',(0.,0.,1.));
#2797=DIRECTION('',(0.,0.,1.));
#2798=DIRECTION('',(3.22679218001639E-15,0.,-1.));
#2799=DIRECTION('',(0.,1.,0.));
#2800=DIRECTION('',(1.,0.,0.));
#2801=DIRECTION('',(0.,0.,-1.));
#2802=DIRECTION('',(0.,1.,0.));
#2803=DIRECTION('',(1.29071687200655E-15,0.,1.));
#2804=DIRECTION('',(0.,0.,1.));
#2805=DIRECTION('',(0.,1.,0.));
#2806=DIRECTION('',(0.,0.,1.));
#2807=DIRECTION('',(-0.707106781186547,-0.707106781186548,0.));
#2808=DIRECTION('',(0.,0.,1.));
#2809=DIRECTION('',(0.,-1.,0.));
#2810=DIRECTION('',(0.,0.,-1.));
#2811=DIRECTION('',(-1.,0.,8.67361737988401E-16));
#2812=DIRECTION('',(8.67361737988401E-16,0.,1.));
#2813=DIRECTION('',(1.,0.,-8.67361737988401E-16));
#2814=DIRECTION('',(0.,-1.,0.));
#2815=DIRECTION('',(0.,0.,-1.));
#2816=DIRECTION('',(-1.,0.,-2.6020852139652E-15));
#2817=DIRECTION('',(-2.6020852139652E-15,0.,1.));
#2818=DIRECTION('',(1.,0.,2.6020852139652E-15));
#2819=DIRECTION('',(0.,-1.,0.));
#2820=DIRECTION('',(0.,0.,-1.));
#2821=DIRECTION('',(-1.,0.,-2.6020852139652E-15));
#2822=DIRECTION('',(-2.6020852139652E-15,0.,1.));
#2823=DIRECTION('',(1.,0.,2.6020852139652E-15));
#2824=DIRECTION('',(0.,-1.,0.));
#2825=DIRECTION('',(0.,0.,-1.));
#2826=DIRECTION('',(-1.,0.,-2.6020852139652E-15));
#2827=DIRECTION('',(-2.6020852139652E-15,0.,1.));
#2828=DIRECTION('',(1.,0.,2.6020852139652E-15));
#2829=DIRECTION('',(0.,-1.,0.));
#2830=DIRECTION('',(0.,0.,-1.));
#2831=DIRECTION('',(-1.,0.,-2.6020852139652E-15));
#2832=DIRECTION('',(-2.6020852139652E-15,0.,1.));
#2833=DIRECTION('',(1.,0.,2.6020852139652E-15));
#2834=DIRECTION('',(0.,-1.,0.));
#2835=DIRECTION('',(0.,0.,-1.));
#2836=DIRECTION('',(-1.,0.,-2.6020852139652E-15));
#2837=DIRECTION('',(-2.6020852139652E-15,0.,1.));
#2838=DIRECTION('',(1.,0.,2.6020852139652E-15));
#2839=DIRECTION('',(0.,-1.,0.));
#2840=DIRECTION('',(0.,0.,-1.));
#2841=DIRECTION('',(-1.,0.,-8.67361737988401E-16));
#2842=DIRECTION('',(8.67361737988401E-16,0.,-1.));
#2843=DIRECTION('',(-1.,0.,-8.67361737988401E-16));
#2844=DIRECTION('',(0.,-1.,0.));
#2845=DIRECTION('',(0.,0.,-1.));
#2846=DIRECTION('',(-1.,0.,-8.67361737988401E-16));
#2847=DIRECTION('',(8.67361737988401E-16,0.,-1.));
#2848=DIRECTION('',(-1.,0.,-8.67361737988401E-16));
#2849=DIRECTION('',(0.,-1.,0.));
#2850=DIRECTION('',(0.,0.,-1.));
#2851=DIRECTION('',(-1.,0.,-8.67361737988401E-16));
#2852=DIRECTION('',(8.67361737988401E-16,0.,-1.));
#2853=DIRECTION('',(-1.,0.,-8.67361737988401E-16));
#2854=DIRECTION('',(0.,-1.,0.));
#2855=DIRECTION('',(0.,0.,-1.));
#2856=DIRECTION('',(-1.,0.,-8.67361737988401E-16));
#2857=DIRECTION('',(8.67361737988401E-16,0.,-1.));
#2858=DIRECTION('',(-1.,0.,-8.67361737988401E-16));
#2859=DIRECTION('',(0.,-1.,0.));
#2860=DIRECTION('',(0.,0.,-1.));
#2861=DIRECTION('',(-1.,0.,-8.67361737988401E-16));
#2862=DIRECTION('',(8.67361737988401E-16,0.,-1.));
#2863=DIRECTION('',(-1.,0.,-8.67361737988401E-16));
#2864=DIRECTION('',(0.,-1.,0.));
#2865=DIRECTION('',(0.,0.,-1.));
#2866=DIRECTION('',(-1.,0.,-8.67361737988401E-16));
#2867=DIRECTION('',(8.67361737988401E-16,0.,-1.));
#2868=DIRECTION('',(-1.,0.,-8.67361737988401E-16));
#2869=DIRECTION('',(0.,0.,1.));
#2870=DIRECTION('',(1.,0.,0.));
#2871=DIRECTION('',(0.,0.,-1.));
#2872=DIRECTION('',(-1.,0.,0.));
#2873=DIRECTION('',(0.,0.,-1.));
#2874=DIRECTION('',(-1.,0.,0.));
#2875=CARTESIAN_POINT('',(0.,0.,0.));
#2876=CARTESIAN_POINT('',(1.5,1.5,-0.715));
#2877=CARTESIAN_POINT('',(1.5,1.5,-0.715));
#2878=CARTESIAN_POINT('',(0.125,1.5,-0.715));
#2879=CARTESIAN_POINT('',(-0.125,1.5,-0.715));
#2880=CARTESIAN_POINT('',(-0.125,1.5,-0.547));
#2881=CARTESIAN_POINT('',(-0.125,1.5,-0.547));
#2882=CARTESIAN_POINT('',(-0.25,1.5,-0.547));
#2883=CARTESIAN_POINT('',(-0.375000000000001,1.5,-0.547));
#2884=CARTESIAN_POINT('',(-0.375,1.5,-0.75));
#2885=CARTESIAN_POINT('',(-0.375,1.5,-0.715));
#2886=CARTESIAN_POINT('',(1.5,1.5,-0.715));
#2887=CARTESIAN_POINT('',(-0.625,1.5,-0.715));
#2888=CARTESIAN_POINT('',(-0.625,1.5,-0.547));
#2889=CARTESIAN_POINT('',(-0.625,1.5,-0.547));
#2890=CARTESIAN_POINT('',(-0.75,1.5,-0.547));
#2891=CARTESIAN_POINT('',(-0.875000000000001,1.5,-0.547));
#2892=CARTESIAN_POINT('',(-0.875,1.5,-0.75));
#2893=CARTESIAN_POINT('',(-0.875,1.5,-0.715));
#2894=CARTESIAN_POINT('',(1.5,1.5,-0.715));
#2895=CARTESIAN_POINT('',(-1.125,1.5,-0.715));
#2896=CARTESIAN_POINT('',(-1.125,1.5,-0.547));
#2897=CARTESIAN_POINT('',(-1.125,1.5,-0.547));
#2898=CARTESIAN_POINT('',(-1.25,1.5,-0.547));
#2899=CARTESIAN_POINT('',(-1.375,1.5,-0.547));
#2900=CARTESIAN_POINT('',(-1.375,1.5,-0.75));
#2901=CARTESIAN_POINT('',(-1.375,1.5,-0.715));
#2902=CARTESIAN_POINT('',(1.5,1.5,-0.715));
#2903=CARTESIAN_POINT('',(-1.5,1.5,-0.715));
#2904=CARTESIAN_POINT('',(-1.5,1.5,-0.715));
#2905=CARTESIAN_POINT('',(-1.5,1.5,0.));
#2906=CARTESIAN_POINT('',(1.5,1.5,0.));
#2907=CARTESIAN_POINT('',(1.5,1.5,0.));
#2908=CARTESIAN_POINT('',(1.5,1.5,-0.715));
#2909=CARTESIAN_POINT('',(1.5,1.5,-0.715));
#2910=CARTESIAN_POINT('',(1.5,1.5,-0.715));
#2911=CARTESIAN_POINT('',(1.375,1.5,-0.715));
#2912=CARTESIAN_POINT('',(1.375,1.5,-0.547));
#2913=CARTESIAN_POINT('',(1.375,1.5,-0.547));
#2914=CARTESIAN_POINT('',(1.25,1.5,-0.547));
#2915=CARTESIAN_POINT('',(1.125,1.5,-0.547));
#2916=CARTESIAN_POINT('',(1.125,1.5,-0.75));
#2917=CARTESIAN_POINT('',(1.125,1.5,-0.715));
#2918=CARTESIAN_POINT('',(1.5,1.5,-0.715));
#2919=CARTESIAN_POINT('',(0.875,1.5,-0.715));
#2920=CARTESIAN_POINT('',(0.875,1.5,-0.547));
#2921=CARTESIAN_POINT('',(0.875,1.5,-0.547));
#2922=CARTESIAN_POINT('',(0.75,1.5,-0.547));
#2923=CARTESIAN_POINT('',(0.624999999999999,1.5,-0.547));
#2924=CARTESIAN_POINT('',(0.625,1.5,-0.75));
#2925=CARTESIAN_POINT('',(0.625,1.5,-0.715));
#2926=CARTESIAN_POINT('',(1.5,1.5,-0.715));
#2927=CARTESIAN_POINT('',(0.375,1.5,-0.715));
#2928=CARTESIAN_POINT('',(0.375,1.5,-0.547));
#2929=CARTESIAN_POINT('',(0.375,1.5,-0.547));
#2930=CARTESIAN_POINT('',(0.25,1.5,-0.547));
#2931=CARTESIAN_POINT('',(0.124999999999999,1.5,-0.547));
#2932=CARTESIAN_POINT('',(0.125,1.5,-0.75));
#2933=CARTESIAN_POINT('',(0.,0.,-0.715));
#2934=CARTESIAN_POINT('',(-0.875,-1.1,-0.715));
#2935=CARTESIAN_POINT('',(-0.625,-1.1,-0.715));
#2936=CARTESIAN_POINT('',(-0.875,-1.1,-0.715));
#2937=CARTESIAN_POINT('',(-0.875,-1.5,-0.715));
#2938=CARTESIAN_POINT('',(-0.875,-1.5,-0.715));
#2939=CARTESIAN_POINT('',(-1.5,-1.5,-0.715));
#2940=CARTESIAN_POINT('',(-1.125,-1.5,-0.715));
#2941=CARTESIAN_POINT('',(-1.125,-1.1,-0.715));
#2942=CARTESIAN_POINT('',(-1.125,-1.1,-0.715));
#2943=CARTESIAN_POINT('',(-1.375,-1.1,-0.715));
#2944=CARTESIAN_POINT('',(-1.375,-1.1,-0.715));
#2945=CARTESIAN_POINT('',(-1.375,-1.5,-0.715));
#2946=CARTESIAN_POINT('',(-1.375,-1.5,-0.715));
#2947=CARTESIAN_POINT('',(-1.5,-1.5,-0.715));
#2948=CARTESIAN_POINT('',(-1.5,-1.5,-0.715));
#2949=CARTESIAN_POINT('',(-1.5,1.5,-0.715));
#2950=CARTESIAN_POINT('',(-1.375,1.5,-0.715));
#2951=CARTESIAN_POINT('',(-1.375,1.1,-0.715));
#2952=CARTESIAN_POINT('',(-1.375,1.1,-0.715));
#2953=CARTESIAN_POINT('',(-1.125,1.1,-0.715));
#2954=CARTESIAN_POINT('',(-1.125,1.1,-0.715));
#2955=CARTESIAN_POINT('',(-0.875,1.5,-0.715));
#2956=CARTESIAN_POINT('',(-0.875,1.1,-0.715));
#2957=CARTESIAN_POINT('',(-0.875,1.1,-0.715));
#2958=CARTESIAN_POINT('',(-0.625,1.1,-0.715));
#2959=CARTESIAN_POINT('',(-0.625,1.1,-0.715));
#2960=CARTESIAN_POINT('',(-0.375,1.5,-0.715));
#2961=CARTESIAN_POINT('',(-0.375,1.1,-0.715));
#2962=CARTESIAN_POINT('',(-0.375,1.1,-0.715));
#2963=CARTESIAN_POINT('',(-0.125,1.1,-0.715));
#2964=CARTESIAN_POINT('',(-0.125,1.1,-0.715));
#2965=CARTESIAN_POINT('',(0.125,1.1,-0.715));
#2966=CARTESIAN_POINT('',(0.125,1.1,-0.715));
#2967=CARTESIAN_POINT('',(0.375,1.1,-0.715));
#2968=CARTESIAN_POINT('',(0.375,1.1,-0.715));
#2969=CARTESIAN_POINT('',(0.375,1.5,-0.715));
#2970=CARTESIAN_POINT('',(0.625,1.1,-0.715));
#2971=CARTESIAN_POINT('',(0.625,1.1,-0.715));
#2972=CARTESIAN_POINT('',(0.875,1.1,-0.715));
#2973=CARTESIAN_POINT('',(0.875,1.1,-0.715));
#2974=CARTESIAN_POINT('',(0.875,1.5,-0.715));
#2975=CARTESIAN_POINT('',(1.125,1.1,-0.715));
#2976=CARTESIAN_POINT('',(1.125,1.1,-0.715));
#2977=CARTESIAN_POINT('',(1.375,1.1,-0.715));
#2978=CARTESIAN_POINT('',(1.375,1.1,-0.715));
#2979=CARTESIAN_POINT('',(1.375,1.5,-0.715));
#2980=CARTESIAN_POINT('',(1.5,-1.5,-0.715));
#2981=CARTESIAN_POINT('',(1.5,-1.5,-0.715));
#2982=CARTESIAN_POINT('',(-1.5,-1.5,-0.715));
#2983=CARTESIAN_POINT('',(1.375,-1.5,-0.715));
#2984=CARTESIAN_POINT('',(1.375,-1.5,-0.715));
#2985=CARTESIAN_POINT('',(1.375,-1.1,-0.715));
#2986=CARTESIAN_POINT('',(1.375,-1.1,-0.715));
#2987=CARTESIAN_POINT('',(1.125,-1.1,-0.715));
#2988=CARTESIAN_POINT('',(1.125,-1.1,-0.715));
#2989=CARTESIAN_POINT('',(1.125,-1.5,-0.715));
#2990=CARTESIAN_POINT('',(-1.5,-1.5,-0.715));
#2991=CARTESIAN_POINT('',(0.875,-1.5,-0.715));
#2992=CARTESIAN_POINT('',(0.875,-1.5,-0.715));
#2993=CARTESIAN_POINT('',(0.875,-1.1,-0.715));
#2994=CARTESIAN_POINT('',(0.875,-1.1,-0.715));
#2995=CARTESIAN_POINT('',(0.625,-1.1,-0.715));
#2996=CARTESIAN_POINT('',(0.625,-1.1,-0.715));
#2997=CARTESIAN_POINT('',(0.625,-1.5,-0.715));
#2998=CARTESIAN_POINT('',(-1.5,-1.5,-0.715));
#2999=CARTESIAN_POINT('',(0.375,-1.5,-0.715));
#3000=CARTESIAN_POINT('',(0.375,-1.5,-0.715));
#3001=CARTESIAN_POINT('',(0.375,-1.1,-0.715));
#3002=CARTESIAN_POINT('',(0.375,-1.1,-0.715));
#3003=CARTESIAN_POINT('',(0.125,-1.1,-0.715));
#3004=CARTESIAN_POINT('',(0.125,-1.1,-0.715));
#3005=CARTESIAN_POINT('',(0.125,-1.5,-0.715));
#3006=CARTESIAN_POINT('',(-1.5,-1.5,-0.715));
#3007=CARTESIAN_POINT('',(-0.125,-1.5,-0.715));
#3008=CARTESIAN_POINT('',(-0.125,-1.1,-0.715));
#3009=CARTESIAN_POINT('',(-0.125,-1.1,-0.715));
#3010=CARTESIAN_POINT('',(-0.375,-1.1,-0.715));
#3011=CARTESIAN_POINT('',(-0.375,-1.1,-0.715));
#3012=CARTESIAN_POINT('',(-0.375,-1.5,-0.715));
#3013=CARTESIAN_POINT('',(-0.375,-1.5,-0.715));
#3014=CARTESIAN_POINT('',(-1.5,-1.5,-0.715));
#3015=CARTESIAN_POINT('',(-0.625,-1.5,-0.715));
#3016=CARTESIAN_POINT('',(-0.625,-1.1,-0.715));
#3017=CARTESIAN_POINT('',(-1.25,0.85,-0.715));
#3018=CARTESIAN_POINT('',(-1.25,0.85,-0.715));
#3019=CARTESIAN_POINT('',(0.9,0.85,-0.715));
#3020=CARTESIAN_POINT('',(-1.25,-0.85,-0.715));
#3021=CARTESIAN_POINT('',(-1.25,-0.85,-0.715));
#3022=CARTESIAN_POINT('',(1.25,-0.85,-0.715));
#3023=CARTESIAN_POINT('',(1.25,-0.85,-0.715));
#3024=CARTESIAN_POINT('',(1.25,0.85,-0.715));
#3025=CARTESIAN_POINT('',(1.25,0.5,-0.715));
#3026=CARTESIAN_POINT('',(0.875,0.875,-0.715));
#3027=CARTESIAN_POINT('',(-1.5,-1.5,-0.715));
#3028=CARTESIAN_POINT('',(1.125,-1.5,-0.75));
#3029=CARTESIAN_POINT('',(1.125,-1.5,-0.547));
#3030=CARTESIAN_POINT('',(1.375,-1.5,-0.547));
#3031=CARTESIAN_POINT('',(1.375,-1.5,-0.547));
#3032=CARTESIAN_POINT('',(1.375,-1.5,-0.715));
#3033=CARTESIAN_POINT('',(1.5,-1.5,-0.715));
#3034=CARTESIAN_POINT('',(1.5,-1.5,0.));
#3035=CARTESIAN_POINT('',(-1.5,-1.5,0.));
#3036=CARTESIAN_POINT('',(-1.5,-1.5,0.));
#3037=CARTESIAN_POINT('',(-1.5,-1.5,-0.715));
#3038=CARTESIAN_POINT('',(-1.375,-1.5,-0.75));
#3039=CARTESIAN_POINT('',(-1.375,-1.5,-0.547));
#3040=CARTESIAN_POINT('',(-1.125,-1.5,-0.547));
#3041=CARTESIAN_POINT('',(-1.125,-1.5,-0.547));
#3042=CARTESIAN_POINT('',(-1.125,-1.5,-0.715));
#3043=CARTESIAN_POINT('',(-0.875000000000001,-1.5,-0.547));
#3044=CARTESIAN_POINT('',(-0.875000000000001,-1.5,-0.547));
#3045=CARTESIAN_POINT('',(-0.625,-1.5,-0.547));
#3046=CARTESIAN_POINT('',(-0.625,-1.5,-0.547));
#3047=CARTESIAN_POINT('',(-0.625,-1.5,-0.715));
#3048=CARTESIAN_POINT('',(-0.375000000000001,-1.5,-0.547));
#3049=CARTESIAN_POINT('',(-0.375000000000001,-1.5,-0.547));
#3050=CARTESIAN_POINT('',(-0.125,-1.5,-0.547));
#3051=CARTESIAN_POINT('',(-0.125,-1.5,-0.547));
#3052=CARTESIAN_POINT('',(-0.125,-1.5,-0.715));
#3053=CARTESIAN_POINT('',(0.124999999999999,-1.5,-0.547));
#3054=CARTESIAN_POINT('',(0.124999999999999,-1.5,-0.547));
#3055=CARTESIAN_POINT('',(0.375,-1.5,-0.547));
#3056=CARTESIAN_POINT('',(0.375,-1.5,-0.547));
#3057=CARTESIAN_POINT('',(0.375,-1.5,-0.715));
#3058=CARTESIAN_POINT('',(0.624999999999999,-1.5,-0.547));
#3059=CARTESIAN_POINT('',(0.624999999999999,-1.5,-0.547));
#3060=CARTESIAN_POINT('',(0.875,-1.5,-0.547));
#3061=CARTESIAN_POINT('',(0.875,-1.5,-0.547));
#3062=CARTESIAN_POINT('',(0.875,-1.5,-0.715));
#3063=CARTESIAN_POINT('',(1.5,-1.5,-0.715));
#3064=CARTESIAN_POINT('',(1.5,-1.5,0.));
#3065=CARTESIAN_POINT('',(-1.5,1.5,-0.715));
#3066=CARTESIAN_POINT('',(-1.5,1.5,0.));
#3067=CARTESIAN_POINT('',(0.,0.,0.));
#3068=CARTESIAN_POINT('',(1.04820818316236,1.06020477484758,0.));
#3069=CARTESIAN_POINT('',(0.938905316607507,1.06020477484758,0.));
#3070=CARTESIAN_POINT('',(0.,0.,-0.75));
#3071=CARTESIAN_POINT('',(-1.25,0.85,-0.75));
#3072=CARTESIAN_POINT('',(-1.25,0.85,-0.75));
#3073=CARTESIAN_POINT('',(0.9,0.85,-0.75));
#3074=CARTESIAN_POINT('',(0.875,0.875,-0.75));
#3075=CARTESIAN_POINT('',(1.25,0.5,-0.75));
#3076=CARTESIAN_POINT('',(1.25,0.85,-0.75));
#3077=CARTESIAN_POINT('',(1.25,-0.85,-0.75));
#3078=CARTESIAN_POINT('',(1.25,-0.85,-0.75));
#3079=CARTESIAN_POINT('',(-1.25,-0.85,-0.75));
#3080=CARTESIAN_POINT('',(-1.25,-0.85,-0.75));
#3081=CARTESIAN_POINT('',(-1.25,0.85,-0.75));
#3082=CARTESIAN_POINT('',(0.9,0.85,-0.75));
#3083=CARTESIAN_POINT('',(-1.25,0.85,-0.75));
#3084=CARTESIAN_POINT('',(1.25,0.85,-0.75));
#3085=CARTESIAN_POINT('',(1.25,0.5,-0.75));
#3086=CARTESIAN_POINT('',(1.25,-0.85,-0.75));
#3087=CARTESIAN_POINT('',(1.25,-0.85,-0.75));
#3088=CARTESIAN_POINT('',(-1.25,-0.85,-0.75));
#3089=CARTESIAN_POINT('',(-1.25,-0.85,-0.75));
#3090=CARTESIAN_POINT('',(0.,0.,-0.75));
#3091=CARTESIAN_POINT('',(-1.375,-1.5,-0.75));
#3092=CARTESIAN_POINT('',(-1.375,-1.1,-0.75));
#3093=CARTESIAN_POINT('',(-1.375,-1.51,-0.75));
#3094=CARTESIAN_POINT('',(-1.375,-1.1,-0.75));
#3095=CARTESIAN_POINT('',(-1.125,-1.1,-0.75));
#3096=CARTESIAN_POINT('',(-1.125,-1.1,-0.75));
#3097=CARTESIAN_POINT('',(-1.125,-1.51,-0.75));
#3098=CARTESIAN_POINT('',(-1.375,-1.51,-0.75));
#3099=CARTESIAN_POINT('',(-1.125,-1.1,-0.75));
#3100=CARTESIAN_POINT('',(-1.125,-1.51,-0.547));
#3101=CARTESIAN_POINT('',(-1.125,-1.51,-0.547));
#3102=CARTESIAN_POINT('',(-1.125,-1.51,-0.715));
#3103=CARTESIAN_POINT('',(-1.125,-1.1,-0.75));
#3104=CARTESIAN_POINT('',(-1.375,-1.1,-0.75));
#3105=CARTESIAN_POINT('',(-1.375,-1.1,-0.75));
#3106=CARTESIAN_POINT('',(-1.375,-1.5,-0.75));
#3107=CARTESIAN_POINT('',(-1.375,-1.51,-0.75));
#3108=CARTESIAN_POINT('',(-1.375,-1.51,-0.547));
#3109=CARTESIAN_POINT('',(-1.375,-1.51,-0.547));
#3110=CARTESIAN_POINT('',(0.,0.,-0.75));
#3111=CARTESIAN_POINT('',(-0.375,-1.5,-0.75));
#3112=CARTESIAN_POINT('',(-0.375,-1.1,-0.75));
#3113=CARTESIAN_POINT('',(-0.375,-1.51,-0.75));
#3114=CARTESIAN_POINT('',(-0.375,-1.1,-0.75));
#3115=CARTESIAN_POINT('',(-0.125,-1.1,-0.75));
#3116=CARTESIAN_POINT('',(-0.125,-1.1,-0.75));
#3117=CARTESIAN_POINT('',(-0.125,-1.51,-0.75));
#3118=CARTESIAN_POINT('',(-0.375,-1.51,-0.75));
#3119=CARTESIAN_POINT('',(-0.375,-1.5,-0.75));
#3120=CARTESIAN_POINT('',(-0.375,-1.1,-0.75));
#3121=CARTESIAN_POINT('',(-0.375000000000001,-1.51,-0.547));
#3122=CARTESIAN_POINT('',(-0.375000000000001,-1.51,-0.547));
#3123=CARTESIAN_POINT('',(-0.375000000000001,-1.51,-0.547));
#3124=CARTESIAN_POINT('',(-0.125,-1.1,-0.75));
#3125=CARTESIAN_POINT('',(-0.125,-1.51,-0.547));
#3126=CARTESIAN_POINT('',(-0.125,-1.51,-0.547));
#3127=CARTESIAN_POINT('',(-0.125,-1.51,-0.715));
#3128=CARTESIAN_POINT('',(-0.125,-1.1,-0.75));
#3129=CARTESIAN_POINT('',(-0.375,-1.1,-0.75));
#3130=CARTESIAN_POINT('',(0.,0.,-0.75));
#3131=CARTESIAN_POINT('',(0.875,-1.5,-0.75));
#3132=CARTESIAN_POINT('',(0.875,-1.51,-0.75));
#3133=CARTESIAN_POINT('',(0.875,-1.1,-0.75));
#3134=CARTESIAN_POINT('',(0.625,-1.51,-0.75));
#3135=CARTESIAN_POINT('',(0.625,-1.51,-0.75));
#3136=CARTESIAN_POINT('',(0.625,-1.1,-0.75));
#3137=CARTESIAN_POINT('',(0.625,-1.1,-0.75));
#3138=CARTESIAN_POINT('',(0.875,-1.1,-0.75));
#3139=CARTESIAN_POINT('',(0.875,-1.5,-0.75));
#3140=CARTESIAN_POINT('',(0.875,-1.51,-0.547));
#3141=CARTESIAN_POINT('',(0.875,-1.51,-0.547));
#3142=CARTESIAN_POINT('',(0.875,-1.51,-0.715));
#3143=CARTESIAN_POINT('',(0.875,-1.1,-0.75));
#3144=CARTESIAN_POINT('',(0.875,-1.1,-0.75));
#3145=CARTESIAN_POINT('',(0.625,-1.1,-0.75));
#3146=CARTESIAN_POINT('',(0.625,-1.1,-0.75));
#3147=CARTESIAN_POINT('',(0.624999999999999,-1.51,-0.547));
#3148=CARTESIAN_POINT('',(0.624999999999999,-1.51,-0.547));
#3149=CARTESIAN_POINT('',(0.624999999999999,-1.51,-0.547));
#3150=CARTESIAN_POINT('',(0.,0.,-0.75));
#3151=CARTESIAN_POINT('',(1.375,-1.5,-0.75));
#3152=CARTESIAN_POINT('',(1.375,-1.51,-0.75));
#3153=CARTESIAN_POINT('',(1.375,-1.1,-0.75));
#3154=CARTESIAN_POINT('',(1.125,-1.51,-0.75));
#3155=CARTESIAN_POINT('',(1.125,-1.51,-0.75));
#3156=CARTESIAN_POINT('',(1.125,-1.1,-0.75));
#3157=CARTESIAN_POINT('',(1.125,-1.1,-0.75));
#3158=CARTESIAN_POINT('',(1.375,-1.1,-0.75));
#3159=CARTESIAN_POINT('',(1.375,-1.5,-0.75));
#3160=CARTESIAN_POINT('',(1.375,-1.51,-0.547));
#3161=CARTESIAN_POINT('',(1.375,-1.51,-0.547));
#3162=CARTESIAN_POINT('',(1.375,-1.51,-0.75));
#3163=CARTESIAN_POINT('',(1.375,-1.1,-0.75));
#3164=CARTESIAN_POINT('',(1.375,-1.1,-0.75));
#3165=CARTESIAN_POINT('',(1.125,-1.1,-0.75));
#3166=CARTESIAN_POINT('',(1.125,-1.1,-0.75));
#3167=CARTESIAN_POINT('',(1.125,-1.51,-0.547));
#3168=CARTESIAN_POINT('',(1.125,-1.51,-0.547));
#3169=CARTESIAN_POINT('',(1.125,-1.51,-0.547));
#3170=CARTESIAN_POINT('',(0.,0.,-0.75));
#3171=CARTESIAN_POINT('',(0.875,1.5,-0.75));
#3172=CARTESIAN_POINT('',(0.875,1.1,-0.75));
#3173=CARTESIAN_POINT('',(0.875,1.51,-0.75));
#3174=CARTESIAN_POINT('',(0.875,1.1,-0.75));
#3175=CARTESIAN_POINT('',(0.625,1.1,-0.75));
#3176=CARTESIAN_POINT('',(0.625,1.1,-0.75));
#3177=CARTESIAN_POINT('',(0.625,1.51,-0.75));
#3178=CARTESIAN_POINT('',(0.875,1.51,-0.75));
#3179=CARTESIAN_POINT('',(0.875,1.5,-0.75));
#3180=CARTESIAN_POINT('',(0.875,1.1,-0.75));
#3181=CARTESIAN_POINT('',(0.875,1.51,-0.547));
#3182=CARTESIAN_POINT('',(0.875,1.51,-0.547));
#3183=CARTESIAN_POINT('',(0.875,1.51,-0.547));
#3184=CARTESIAN_POINT('',(0.625,1.1,-0.75));
#3185=CARTESIAN_POINT('',(0.624999999999999,1.51,-0.547));
#3186=CARTESIAN_POINT('',(0.624999999999999,1.51,-0.547));
#3187=CARTESIAN_POINT('',(0.625,1.51,-0.75));
#3188=CARTESIAN_POINT('',(0.625,1.1,-0.75));
#3189=CARTESIAN_POINT('',(0.875,1.1,-0.75));
#3190=CARTESIAN_POINT('',(0.,0.,-0.75));
#3191=CARTESIAN_POINT('',(-0.375,1.5,-0.75));
#3192=CARTESIAN_POINT('',(-0.375,1.51,-0.75));
#3193=CARTESIAN_POINT('',(-0.375,1.1,-0.75));
#3194=CARTESIAN_POINT('',(-0.125,1.51,-0.75));
#3195=CARTESIAN_POINT('',(-0.125,1.51,-0.75));
#3196=CARTESIAN_POINT('',(-0.125,1.1,-0.75));
#3197=CARTESIAN_POINT('',(-0.125,1.1,-0.75));
#3198=CARTESIAN_POINT('',(-0.375,1.1,-0.75));
#3199=CARTESIAN_POINT('',(-0.375,1.5,-0.75));
#3200=CARTESIAN_POINT('',(-0.375000000000001,1.51,-0.547));
#3201=CARTESIAN_POINT('',(-0.375000000000001,1.51,-0.547));
#3202=CARTESIAN_POINT('',(-0.375,1.51,-0.75));
#3203=CARTESIAN_POINT('',(-0.375,1.1,-0.75));
#3204=CARTESIAN_POINT('',(-0.375,1.1,-0.75));
#3205=CARTESIAN_POINT('',(-0.125,1.1,-0.75));
#3206=CARTESIAN_POINT('',(-0.125,1.1,-0.75));
#3207=CARTESIAN_POINT('',(-0.125,1.51,-0.547));
#3208=CARTESIAN_POINT('',(-0.125,1.51,-0.547));
#3209=CARTESIAN_POINT('',(-0.125,1.51,-0.547));
#3210=CARTESIAN_POINT('',(0.,0.,-0.75));
#3211=CARTESIAN_POINT('',(-1.375,1.5,-0.75));
#3212=CARTESIAN_POINT('',(-1.375,1.51,-0.75));
#3213=CARTESIAN_POINT('',(-1.375,1.1,-0.75));
#3214=CARTESIAN_POINT('',(-1.125,1.51,-0.75));
#3215=CARTESIAN_POINT('',(-1.125,1.51,-0.75));
#3216=CARTESIAN_POINT('',(-1.125,1.1,-0.75));
#3217=CARTESIAN_POINT('',(-1.125,1.1,-0.75));
#3218=CARTESIAN_POINT('',(-1.375,1.1,-0.75));
#3219=CARTESIAN_POINT('',(-1.375,1.5,-0.75));
#3220=CARTESIAN_POINT('',(-1.375,1.51,-0.547));
#3221=CARTESIAN_POINT('',(-1.375,1.51,-0.547));
#3222=CARTESIAN_POINT('',(-1.375,1.51,-0.75));
#3223=CARTESIAN_POINT('',(-1.375,1.1,-0.75));
#3224=CARTESIAN_POINT('',(-1.375,1.1,-0.75));
#3225=CARTESIAN_POINT('',(-1.125,1.1,-0.75));
#3226=CARTESIAN_POINT('',(-1.125,1.1,-0.75));
#3227=CARTESIAN_POINT('',(-1.125,1.51,-0.547));
#3228=CARTESIAN_POINT('',(-1.125,1.51,-0.547));
#3229=CARTESIAN_POINT('',(-1.125,1.51,-0.547));
#3230=CARTESIAN_POINT('',(0.,0.,-0.75));
#3231=CARTESIAN_POINT('',(-0.875,1.5,-0.75));
#3232=CARTESIAN_POINT('',(-0.875,1.51,-0.75));
#3233=CARTESIAN_POINT('',(-0.875,1.1,-0.75));
#3234=CARTESIAN_POINT('',(-0.625,1.51,-0.75));
#3235=CARTESIAN_POINT('',(-0.625,1.51,-0.75));
#3236=CARTESIAN_POINT('',(-0.625,1.1,-0.75));
#3237=CARTESIAN_POINT('',(-0.625,1.1,-0.75));
#3238=CARTESIAN_POINT('',(-0.875,1.1,-0.75));
#3239=CARTESIAN_POINT('',(-0.875,1.5,-0.75));
#3240=CARTESIAN_POINT('',(-0.875000000000001,1.51,-0.547));
#3241=CARTESIAN_POINT('',(-0.875000000000001,1.51,-0.547));
#3242=CARTESIAN_POINT('',(-0.875,1.51,-0.75));
#3243=CARTESIAN_POINT('',(-0.875,1.1,-0.75));
#3244=CARTESIAN_POINT('',(-0.875,1.1,-0.75));
#3245=CARTESIAN_POINT('',(-0.625,1.1,-0.75));
#3246=CARTESIAN_POINT('',(-0.625,1.1,-0.75));
#3247=CARTESIAN_POINT('',(-0.625,1.51,-0.547));
#3248=CARTESIAN_POINT('',(-0.625,1.51,-0.547));
#3249=CARTESIAN_POINT('',(-0.625,1.51,-0.547));
#3250=CARTESIAN_POINT('',(0.,0.,-0.75));
#3251=CARTESIAN_POINT('',(0.375,1.5,-0.75));
#3252=CARTESIAN_POINT('',(0.375,1.1,-0.75));
#3253=CARTESIAN_POINT('',(0.375,1.51,-0.75));
#3254=CARTESIAN_POINT('',(0.375,1.1,-0.75));
#3255=CARTESIAN_POINT('',(0.125,1.1,-0.75));
#3256=CARTESIAN_POINT('',(0.125,1.1,-0.75));
#3257=CARTESIAN_POINT('',(0.125,1.51,-0.75));
#3258=CARTESIAN_POINT('',(0.375,1.51,-0.75));
#3259=CARTESIAN_POINT('',(0.375,1.5,-0.75));
#3260=CARTESIAN_POINT('',(0.375,1.1,-0.75));
#3261=CARTESIAN_POINT('',(0.375,1.51,-0.547));
#3262=CARTESIAN_POINT('',(0.375,1.51,-0.547));
#3263=CARTESIAN_POINT('',(0.375,1.51,-0.547));
#3264=CARTESIAN_POINT('',(0.125,1.1,-0.75));
#3265=CARTESIAN_POINT('',(0.124999999999999,1.51,-0.547));
#3266=CARTESIAN_POINT('',(0.124999999999999,1.51,-0.547));
#3267=CARTESIAN_POINT('',(0.125,1.51,-0.75));
#3268=CARTESIAN_POINT('',(0.125,1.1,-0.75));
#3269=CARTESIAN_POINT('',(0.375,1.1,-0.75));
#3270=CARTESIAN_POINT('',(0.,0.,-0.75));
#3271=CARTESIAN_POINT('',(1.375,1.5,-0.75));
#3272=CARTESIAN_POINT('',(1.375,1.1,-0.75));
#3273=CARTESIAN_POINT('',(1.375,1.51,-0.75));
#3274=CARTESIAN_POINT('',(1.375,1.1,-0.75));
#3275=CARTESIAN_POINT('',(1.125,1.1,-0.75));
#3276=CARTESIAN_POINT('',(1.125,1.1,-0.75));
#3277=CARTESIAN_POINT('',(1.125,1.51,-0.75));
#3278=CARTESIAN_POINT('',(1.25,1.51,-0.75));
#3279=CARTESIAN_POINT('',(1.375,1.5,-0.75));
#3280=CARTESIAN_POINT('',(1.375,1.1,-0.75));
#3281=CARTESIAN_POINT('',(1.375,1.51,-0.75));
#3282=CARTESIAN_POINT('',(1.375,1.51,-0.547));
#3283=CARTESIAN_POINT('',(1.375,1.51,-0.547));
#3284=CARTESIAN_POINT('',(1.125,1.1,-0.75));
#3285=CARTESIAN_POINT('',(1.125,1.51,-0.547));
#3286=CARTESIAN_POINT('',(1.125,1.51,-0.547));
#3287=CARTESIAN_POINT('',(1.125,1.51,-0.547));
#3288=CARTESIAN_POINT('',(1.125,1.1,-0.75));
#3289=CARTESIAN_POINT('',(1.375,1.1,-0.75));
#3290=CARTESIAN_POINT('',(0.,0.,-0.75));
#3291=CARTESIAN_POINT('',(0.375,-1.5,-0.75));
#3292=CARTESIAN_POINT('',(0.375,-1.51,-0.75));
#3293=CARTESIAN_POINT('',(0.375,-1.1,-0.75));
#3294=CARTESIAN_POINT('',(0.125,-1.51,-0.75));
#3295=CARTESIAN_POINT('',(0.125,-1.51,-0.75));
#3296=CARTESIAN_POINT('',(0.125,-1.1,-0.75));
#3297=CARTESIAN_POINT('',(0.125,-1.1,-0.75));
#3298=CARTESIAN_POINT('',(0.375,-1.1,-0.75));
#3299=CARTESIAN_POINT('',(0.375,-1.5,-0.75));
#3300=CARTESIAN_POINT('',(0.375,-1.51,-0.547));
#3301=CARTESIAN_POINT('',(0.375,-1.51,-0.547));
#3302=CARTESIAN_POINT('',(0.375,-1.51,-0.715));
#3303=CARTESIAN_POINT('',(0.375,-1.1,-0.75));
#3304=CARTESIAN_POINT('',(0.375,-1.1,-0.75));
#3305=CARTESIAN_POINT('',(0.125,-1.1,-0.75));
#3306=CARTESIAN_POINT('',(0.125,-1.1,-0.75));
#3307=CARTESIAN_POINT('',(0.124999999999999,-1.51,-0.547));
#3308=CARTESIAN_POINT('',(0.124999999999999,-1.51,-0.547));
#3309=CARTESIAN_POINT('',(0.124999999999999,-1.51,-0.547));
#3310=CARTESIAN_POINT('',(0.,0.,-0.75));
#3311=CARTESIAN_POINT('',(-0.875,-1.5,-0.75));
#3312=CARTESIAN_POINT('',(-0.875,-1.1,-0.75));
#3313=CARTESIAN_POINT('',(-0.875,-1.51,-0.75));
#3314=CARTESIAN_POINT('',(-0.875,-1.1,-0.75));
#3315=CARTESIAN_POINT('',(-0.625,-1.1,-0.75));
#3316=CARTESIAN_POINT('',(-0.625,-1.1,-0.75));
#3317=CARTESIAN_POINT('',(-0.625,-1.51,-0.75));
#3318=CARTESIAN_POINT('',(-0.875,-1.51,-0.75));
#3319=CARTESIAN_POINT('',(-0.875,-1.5,-0.75));
#3320=CARTESIAN_POINT('',(-0.875,-1.1,-0.75));
#3321=CARTESIAN_POINT('',(-0.875000000000001,-1.51,-0.547));
#3322=CARTESIAN_POINT('',(-0.875000000000001,-1.51,-0.547));
#3323=CARTESIAN_POINT('',(-0.875000000000001,-1.51,-0.547));
#3324=CARTESIAN_POINT('',(-0.625,-1.1,-0.75));
#3325=CARTESIAN_POINT('',(-0.625,-1.51,-0.547));
#3326=CARTESIAN_POINT('',(-0.625,-1.51,-0.547));
#3327=CARTESIAN_POINT('',(-0.625,-1.51,-0.715));
#3328=CARTESIAN_POINT('',(-0.625,-1.1,-0.75));
#3329=CARTESIAN_POINT('',(-0.875,-1.1,-0.75));
#3330=CARTESIAN_POINT('',(1.25,0.5,-0.75));
#3331=CARTESIAN_POINT('',(0.,1.51,0.));
#3332=CARTESIAN_POINT('',(1.25,1.51,-0.547));
#3333=CARTESIAN_POINT('',(1.25,1.51,-0.547));
#3334=CARTESIAN_POINT('',(0.,1.51,0.));
#3335=CARTESIAN_POINT('',(0.75,1.51,-0.547));
#3336=CARTESIAN_POINT('',(0.75,1.51,-0.547));
#3337=CARTESIAN_POINT('',(0.,1.51,0.));
#3338=CARTESIAN_POINT('',(0.25,1.51,-0.547));
#3339=CARTESIAN_POINT('',(0.25,1.51,-0.547));
#3340=CARTESIAN_POINT('',(0.,1.51,0.));
#3341=CARTESIAN_POINT('',(-1.25,1.51,-0.547));
#3342=CARTESIAN_POINT('',(-1.25,1.51,-0.547));
#3343=CARTESIAN_POINT('',(0.,1.51,0.));
#3344=CARTESIAN_POINT('',(-0.75,1.51,-0.547));
#3345=CARTESIAN_POINT('',(-0.75,1.51,-0.547));
#3346=CARTESIAN_POINT('',(0.,1.51,0.));
#3347=CARTESIAN_POINT('',(-0.25,1.51,-0.547));
#3348=CARTESIAN_POINT('',(-0.25,1.51,-0.547));
#3349=CARTESIAN_POINT('',(0.,-1.51,0.));
#3350=CARTESIAN_POINT('',(-1.125,-1.51,-0.547));
#3351=CARTESIAN_POINT('',(-1.125,-1.51,-0.547));
#3352=CARTESIAN_POINT('',(0.,-1.51,0.));
#3353=CARTESIAN_POINT('',(-0.625,-1.51,-0.547));
#3354=CARTESIAN_POINT('',(-0.625,-1.51,-0.547));
#3355=CARTESIAN_POINT('',(0.,-1.51,0.));
#3356=CARTESIAN_POINT('',(-0.125,-1.51,-0.547));
#3357=CARTESIAN_POINT('',(-0.125,-1.51,-0.547));
#3358=CARTESIAN_POINT('',(0.,-1.51,0.));
#3359=CARTESIAN_POINT('',(0.375,-1.51,-0.547));
#3360=CARTESIAN_POINT('',(0.375,-1.51,-0.547));
#3361=CARTESIAN_POINT('',(0.,-1.51,0.));
#3362=CARTESIAN_POINT('',(0.875,-1.51,-0.547));
#3363=CARTESIAN_POINT('',(0.875,-1.51,-0.547));
#3364=CARTESIAN_POINT('',(0.,-1.51,0.));
#3365=CARTESIAN_POINT('',(1.375,-1.51,-0.547));
#3366=CARTESIAN_POINT('',(1.375,-1.51,-0.547));
#3367=CARTESIAN_POINT('',(1.04820818316236,1.06020477484758,-0.00767173911312345));
#3368=CARTESIAN_POINT('',(1.04820818316236,1.06020477484758,-0.00767173911312345));
#3369=CARTESIAN_POINT('',(0.938905316607507,1.06020477484758,-0.00767173911312345));
#3370=CARTESIAN_POINT('',(1.04820818316236,1.06020477484758,-0.00767173911312345));
#3371=MECHANICAL_DESIGN_GEOMETRIC_PRESENTATION_REPRESENTATION('',(#1671,
#1672,#1673,#1674,#1675,#1676,#1677,#1678,#1679,#1680,#1681,#1682,#1683,
#1684,#1685,#1686,#1687,#1688,#1689,#1690,#1691,#1692,#1693,#1694,#1695,
#1696,#1697,#1698,#1699,#1700,#1701,#1702,#1703,#1704,#1705,#1706,#1707,
#1708,#1709,#1710,#1711,#1712,#1713,#1714,#1715,#1716,#1717,#1718,#1719,
#1720,#1721,#1722,#1723,#1724,#1725,#1726,#1727,#1728,#1729,#1730,#1731,
#1732,#1733,#1734,#1735,#1736,#1737,#1738,#1739,#1740,#1741,#1742,#1743,
#1744,#1745,#1746,#1747,#1748,#1749,#1750,#1751,#1752,#1753,#1754,#1755,
#1756),#3372);
#3372=(
GEOMETRIC_REPRESENTATION_CONTEXT(3)
GLOBAL_UNCERTAINTY_ASSIGNED_CONTEXT((#3373))
GLOBAL_UNIT_ASSIGNED_CONTEXT((#3376,#3375,#3374))
REPRESENTATION_CONTEXT('MAX22502EATC+T','TOP_LEVEL_ASSEMBLY_PART')
);
#3373=UNCERTAINTY_MEASURE_WITH_UNIT(LENGTH_MEASURE(0.005),#3376,
'DISTANCE_ACCURACY_VALUE','Maximum Tolerance applied to model');
#3374=(
NAMED_UNIT(*)
SI_UNIT($,.STERADIAN.)
SOLID_ANGLE_UNIT()
);
#3375=(
NAMED_UNIT(*)
PLANE_ANGLE_UNIT()
SI_UNIT($,.RADIAN.)
);
#3376=(
LENGTH_UNIT()
NAMED_UNIT(*)
SI_UNIT(.MILLI.,.METRE.)
);
#3377=PRODUCT_DEFINITION_SHAPE('','',#3378);
#3378=PRODUCT_DEFINITION('','',#3380,#3379);
#3379=PRODUCT_DEFINITION_CONTEXT('',#3386,'design');
#3380=PRODUCT_DEFINITION_FORMATION_WITH_SPECIFIED_SOURCE('','',#3382,
 .NOT_KNOWN.);
#3381=PRODUCT_RELATED_PRODUCT_CATEGORY('','',(#3382));
#3382=PRODUCT('MAX22502EATC+T','MAX22502EATC+T','MAX22502EATC+T',(#3384));
#3383=PRODUCT_CATEGORY('','');
#3384=PRODUCT_CONTEXT('',#3386,'mechanical');
#3385=APPLICATION_PROTOCOL_DEFINITION('international standard',
'automotive_design',2010,#3386);
#3386=APPLICATION_CONTEXT(
'core data for automotive mechanical design processes');
ENDSEC;
END-ISO-10303-21;
